BILLING_PROVIDER_NPI_NUM,flagged_codes,max_claims_per_bene,total_paid
1992165864,1,220.78947368421052,4780.0
1972954923,3,157.71428571428572,191922.99
1720171895,1,148.33333333333334,5089.51
1407430143,1,145.15384615384616,44964.5
1013935113,1,140.42857142857142,18759.0
1881061695,1,127.23706896551724,151575.0
1992836811,1,121.57142857142857,44646.7
1023440351,1,116.08333333333333,2367.25
1194035980,1,115.75,0.0
1770784373,1,109.46428571428571,18209.45
1639487069,1,101.89285714285714,234937.92
1588878169,1,99.27272727272727,11673.05
1376633297,1,98.14285714285714,119555.53
1750459772,1,95.19277108433735,716326.74
1265053854,1,94.22222222222223,13570.65
1659630739,1,91.64,424183.85
1326585662,1,90.65116279069767,0.0
1295000164,1,88.42105263157895,54084.25
1477987832,1,81.75,77641.29
1598824856,1,81.25531914893617,755517.03
1376915611,1,80.57142857142857,10252.16
1366143810,1,80.30434782608695,72032.6
1295896538,1,80.16666666666667,284195.64
1366561938,1,79.5625,68148.13
1639245079,1,78.4076923076923,85562.0
1467660688,1,78.05555555555556,59957.19
1316085558,1,76.75,174058.95
1952644866,1,75.9047619047619,10395.0
1619334323,1,75.83541666666666,2834288.48
1396068771,1,75.05263157894737,206812.41
1366613267,1,74.92307692307692,2754.89
1073796421,1,73.71428571428571,0.0
1306421417,1,73.0,65248.67
1245375823,1,72.71428571428571,150428.51
1235401357,1,70.33846153846154,38514.0
1750427514,1,69.65116279069767,374756.27
1588178693,1,69.57894736842105,66588.72
1457476178,1,68.92307692307692,23080.96
1083116172,1,67.23684210526316,104308.79
1972153229,1,66.14583333333333,24744.39
1346451796,1,65.72027972027972,1343797.29
1962809632,1,65.60606060606061,19958.34
1104368703,1,65.55555555555556,0.0
1144866252,1,65.33333333333333,11416.9
1831686070,1,65.26315789473684,0.0
1114079068,1,64.94736842105263,52756.96
1831362243,1,64.84615384615384,8056.04
1033293097,1,64.83333333333333,22154.69
1972678829,1,64.49295774647888,988985.07
1871538108,1,64.3157894736842,54077.48
1760735260,1,64.25974025974025,245493.28999999998
1831402296,1,64.25,113115.1
1508960378,1,63.166666666666664,4650.48
1265729594,1,63.0,10871.09
1467524728,1,62.93333333333333,193667.38
1265912067,1,62.3921568627451,327458.66
1649364480,1,62.0,-23.25
1770027997,1,61.5,18419.58
1568824423,1,61.483870967741936,29609.18
1437287364,5,61.42307692307692,6436.21
1215122072,1,61.25,39083.58
1326120528,1,61.03846153846154,123192.19
1871086496,1,60.833333333333336,0.0
1215205653,1,60.642857142857146,35259.12
1649450644,1,60.642857142857146,12772.0
1053823369,1,60.32034632034632,99408.45
1831197003,1,59.8,12947.0
1659629301,1,59.53086419753087,298604.88
1194857003,1,59.473684210526315,23434.32
1215171293,1,59.3,17664.08
1124396171,1,59.09090909090909,44333.51
1609325349,1,59.07142857142857,22708.29
1992183743,1,58.94117647058823,0.0
1023587854,1,58.78947368421053,24112.870000000003
1992015986,1,58.642857142857146,32795.6
1598760811,1,58.61764705882353,87725.89
1336467166,1,58.51304347826087,1016752.97
1235772856,1,58.25321888412017,273062.1
1215196811,1,57.5,122587.77
1962918508,1,57.1578947368421,4796.65
1124460548,1,56.88292682926829,266015.75
1235645847,1,56.73076923076923,167689.98
1700901725,1,56.72780678851175,119656.13
1225255375,1,56.689655172413794,124404.68000000001
1013383520,1,56.25714285714286,5133.41
1760902191,1,56.23529411764706,4797.2
1407124951,1,56.0,16509.83
1063995546,1,56.0,20258.88
1083810055,1,55.97872340425532,147879.87
1699879460,1,55.705882352941174,3915.02
1215236765,1,55.529411764705884,13606.08
1831190701,1,55.266666666666666,85707.45
1861168163,1,55.17391304347826,0.0
1962888560,1,54.734375,26794.05
1568633923,1,54.45283018867924,111365.6
1275145997,1,54.44897959183673,482992.77
1992731848,1,54.411764705882355,77641.14
1275931644,1,54.4,8512.39
1205924826,3,54.375,351498.83999999997
1295342145,1,54.375,53299.77
A370483100,1,54.31818181818182,52033.25
1376612044,1,54.2962962962963,316728.88
1164410288,1,54.25,49179.0
1093182560,1,54.23076923076923,75679.99
1992980387,1,53.28,187286.53
1598101198,1,53.15384615384615,84697.0
1043646920,1,53.09230769230769,369520.99
1740684992,1,52.869565217391305,159166.36
1073939096,1,52.68503937007874,162859.22
1043420847,1,52.642857142857146,41261.25
1619004314,1,52.625,63278.68
1427025352,1,52.375,11307.47
1588930705,1,52.30769230769231,32779.6
1851308753,1,52.13970588235294,177537.58
1952641516,1,52.125,45503.64
1215097357,1,52.12,96210.12
1003184037,1,52.07142857142857,29241.54
1477177111,1,51.9375,34065.83
1215051222,1,51.833333333333336,59205.86
1932384666,1,51.70796460176991,0.0
1811338460,1,51.47222222222222,10262.03
1275907404,1,51.333333333333336,83366.1
A236660300,1,51.32707774798928,3565503.91
1063454619,1,51.32258064516129,16286.45
1578968582,1,51.282051282051285,14383.64
1093135584,1,51.22222222222222,247454.44
1194941518,1,51.09375,141361.18
1891010542,1,51.07692307692308,53512.18
1972728822,1,50.964285714285715,108956.54
1780723841,1,50.724137931034484,182869.24
1710976220,1,50.588235294117645,14117.25
1851592307,1,50.542857142857144,120566.53
1043790736,1,50.541666666666664,11936.31
1760887459,1,50.53846153846154,0.0
1952548034,1,50.42857142857143,37893.37
1881024172,1,50.11538461538461,128946.52
1053683169,1,50.02777777777778,166197.61000000002
1588033666,1,50.014925373134325,3516.1
1043785058,1,48.44444444444444,15547.68
1073653291,1,48.23076923076923,431.27
1962777268,1,47.0,16562.97
1518435882,1,45.92,5785.0
1174918379,1,44.94444444444444,9256.93
1205876653,1,44.75,154.8
1871198952,1,44.15151515151515,404535.52999999997
1073850384,1,43.125,12975.48
1972907095,1,42.43689320388349,356150.33
1902988686,1,42.30337078651685,0.0
1487681656,1,42.07692307692308,108.35
1487021788,1,41.916666666666664,26473.03
1124124797,1,41.333333333333336,77271.75
1467537290,3,39.1,308.07
1932200441,1,38.1875,0.0
1689962532,1,37.63157894736842,3325.92
1922432772,2,37.588235294117645,3125.4100000000003
1598752180,1,37.57142857142857,7581.65
1467475376,1,37.56521739130435,107528.95
1386648939,1,37.5,17906.3
1497075444,1,37.44444444444444,8531.59
1720656390,1,37.0,8359.48
1295898393,1,36.7125,1687715.9
1710322094,1,35.61702127659574,148981.98
1649664855,1,35.06896551724138,0.0
1881253037,1,34.967667436489606,189472.0
1023119989,1,34.717948717948715,0.0
1245509058,1,34.15384615384615,3256.67
1871588608,1,34.0,20.84
1699142547,1,33.45,1346.92
1568517365,1,33.38461538461539,22150.98
1871516179,1,33.1764705882353,5504.71
1275904864,1,33.15094339622642,41457.159999999996
1578520508,1,33.08904109589041,181651.7
1366446080,1,32.74683544303797,366114.0
1841961349,1,32.734375,299612.67
1568443968,1,32.53333333333333,56489.58
1942895081,1,32.5,9.08
1306840145,1,32.458333333333336,6632.28
1215921457,1,32.31578947368421,102468.48
1447402144,1,32.0,477.2
1376540153,1,31.23076923076923,0.0
1720665987,1,31.227272727272727,79670.31
1265416986,1,31.227272727272727,6364.57
1801992631,1,31.153846153846153,2144.59
1063926301,1,30.307692307692307,82600.0
1891718649,1,30.25,59662.68
1154312429,2,30.0625,13674.32
1679721906,2,29.956521739130434,132060.90999999997
1760568877,1,29.75,116025.0
1669879144,1,29.585365853658537,0.0
1770500746,1,29.5,3.92
1790124659,1,29.48,38659.14
1881084119,1,29.16,6194.86
1548639792,1,29.029411764705884,154606.0
1366433385,1,28.77777777777778,25104.74
1750746020,1,28.29032258064516,104141.11
1710053137,1,28.129032258064516,672.8
1497003610,1,27.88888888888889,66167.0
1447228598,1,27.85185185185185,325972.29
1356552806,1,27.65,0.0
1992832455,1,27.53846153846154,2544.64
1093847113,1,27.25,81257.73
1043326531,1,27.238993710691823,173240.0
1255455010,1,27.166666666666668,64304.36
1396074548,1,27.04255319148936,0.0
1174607956,1,27.04,326.06
1396956462,1,26.727272727272727,582142.15
1477679041,1,26.592814371257486,200443.28
1083703573,2,26.46153846153846,3450.31
1295994804,1,26.391304347826086,169883.31
1831227263,1,26.34722222222222,39860.799999999996
1104895820,1,26.19672131147541,40386.36
1649280140,1,25.994350282485875,406369.44999999995
1225241441,1,25.929577464788732,639.74
1649797507,1,25.79245283018868,12495.88
1982705661,1,25.73076923076923,5057.33
1093166449,1,25.357142857142858,4190.18
1679514509,1,25.285714285714285,0.0
1659601979,1,24.82248520710059,1379858.02
1992039184,1,24.785714285714285,1884.96
1285679597,2,24.64,33709.66
1417512369,1,24.58,115413.57
1467546135,2,24.416666666666668,2651.5200000000004
1194948695,1,24.384615384615383,10633.92
1548307713,1,24.269318181818182,311091.83999999997
1114319332,2,24.214285714285715,16148.72
1851482939,1,24.1875,0.0
1760036537,1,24.175,100648.05
1518962083,1,24.083333333333332,19840.82
1811060544,4,23.981012658227847,41991.61
1932211737,1,23.5625,0.0
1821418096,1,23.28125,4974.1
1386187540,2,23.214285714285715,2656.85
1174716013,1,22.87878787878788,248569.46999999997
1588376297,1,22.387096774193548,525014.52
1912479452,1,22.293233082706767,155830.80000000002
1942204607,1,22.266666666666666,0.0
1508037870,1,22.25,54629.98
1174881932,1,22.142857142857142,3129.9
1245758135,2,22.00709219858156,64639.77
1356408215,2,22.0,1342.4399999999998
1023457561,1,21.9375,9728.17
1417014309,1,21.655172413793103,15016.2
1295803856,1,21.642857142857142,0.0
1356772826,1,21.576923076923077,134494.4
1134519499,1,21.5,11575.529999999999
1245781160,1,21.45,32175.0
1114067410,1,21.41176470588235,8219.68
1104190024,1,21.115384615384617,23585.54
1104483593,1,20.967391304347824,223806.01
1699114132,1,20.963768115942027,177048.69
1558437814,1,20.88157894736842,85362.52
1639369093,1,20.875,3163.3
1649610841,1,20.85185185185185,26013.07
1457485898,1,20.818181818181817,59519.54
1629118609,1,20.555555555555557,322.31
1356417737,1,20.488888888888887,888.94
1245256650,1,20.46551724137931,13346.72
1235406455,1,20.384615384615383,3206.4
1023130721,1,20.38095238095238,86090.56
1841763984,1,20.333333333333332,830.17
1952832768,1,20.137931034482758,26373.76
1730527540,1,20.077220077220076,311028.75
1962547745,1,20.0,18698.4
1508917295,1,19.848214285714285,491761.15
1255758876,1,19.785714285714285,664.0
1497376735,1,19.56122448979592,24963.52
1700281714,2,19.21875,77956.65
1508913609,1,19.208333333333332,18212.51
1801289020,1,19.2,7470.0
1043339807,1,19.192307692307693,10403.28
1861055725,1,19.153846153846153,2385.17
1235236340,1,19.133333333333333,1206.89
1538147111,1,19.083333333333332,1019.27
1639783509,1,19.066666666666666,938.56
1073934287,1,19.045454545454547,6547.81
1902869472,2,18.928571428571427,108027.68000000001
1891056933,1,18.916666666666668,0.0
1831106293,1,18.894736842105264,12982.58
1437568847,1,18.79310344827586,20142.56
1376295287,1,18.786206896551725,39469.61
1386885671,1,18.75,13962.97
1932103413,3,18.724137931034484,80623.44
1194471672,1,18.625,22347.36
1922591973,1,18.583333333333332,592.74
1851458301,1,18.314814814814813,46255.92
1902934029,1,18.28,6952.13
1154758019,1,18.1875,45297.92
1558852251,1,18.14814814814815,46490.119999999995
1659424448,1,18.115606936416185,196549.94
1922087352,1,18.071428571428573,495.69
1184784670,1,18.01328903654485,356298.42
1003928813,1,17.75,0.0
1598076804,1,17.67924528301887,7831.73
1164693974,1,17.6,15770.08
1861140832,1,17.555555555555557,117918.62
1669640652,1,17.526315789473685,24743.47
1851503460,1,17.5,9525.0
1144606690,1,17.484848484848484,58030.0
1003961251,1,17.465753424657535,13242.82
1093408247,1,17.458333333333332,35188.02
1386914844,1,17.417613636363637,322519.7
1497851588,1,17.3125,19023.64
1770585382,1,17.307692307692307,0.0
1114583044,2,17.14814814814815,50833.149999999994
1699315861,1,17.137931034482758,1281.3899999999999
1730337536,1,17.076923076923077,0.0
1356331425,1,17.071428571428573,79.68
1740389154,1,17.0,6692.89
1467287391,1,17.0,27986.8
1235564360,1,16.962264150943398,4495.0
1104808062,1,16.90909090909091,1907.3
1497804231,1,16.81904761904762,8830.0
1730366824,1,16.755395683453237,107366.8
1871358416,1,16.666666666666668,1711.03
1861680662,1,16.666666666666668,1690.86
1265995435,1,16.666666666666668,308283.75
1366719866,1,16.58823529411765,1584.9
1649307398,1,16.54621848739496,154911.33
1306869649,2,16.536585365853657,12370.630000000001
1710924683,1,16.511627906976745,122.06
1104303775,1,16.464285714285715,7842.5
1659333045,2,16.4,9515.380000000001
1669508537,1,16.25,180627.3
1609873520,1,16.214285714285715,2716.4
1467444182,1,16.176470588235293,397.38
1962530352,1,16.172932330827066,10630.0
1487734976,1,16.083333333333332,0.0
1326046467,1,16.059405940594058,4292.9400000000005
1831586148,1,16.055555555555557,16949.37
1194776351,1,16.0,1900.86
1740287531,1,15.878787878787879,5930.02
1023453958,1,15.823529411764707,25.4
1548472715,1,15.8,11296.08
1730935222,1,15.795180722891565,0.0
1669458790,1,15.714285714285714,576.68
1215402870,2,15.714071856287426,9265.26
1588247829,1,15.595238095238095,8064.15
1295280451,1,15.548387096774194,19250.5
1881024198,1,15.527027027027026,0.0
1942710991,1,15.515151515151516,0.0
1467505602,1,15.487179487179487,371.12
1356588651,1,15.439024390243903,4599.7300000000005
1669416442,1,15.428571428571429,1292.68
1588815609,1,15.4,0.0
1710969563,1,15.357142857142858,3234.14
1205585288,1,15.346153846153847,87691.95
1912942780,1,15.346153846153847,112358.4
1164611349,1,15.285714285714286,741.35
1558867887,1,15.214285714285714,0.0
1992131320,1,15.214285714285714,5306.02
1255857405,1,15.090909090909092,0.0
1134137375,4,15.083333333333334,3733.63
1346347374,1,15.064516129032258,5435.4
1508998261,1,15.058823529411764,28860.04
1528144318,1,15.026865671641792,666951.02
1861788945,1,15.0,12114.9
1619367679,1,15.0,308.77
1679852628,1,15.0,82065.57
1932275195,1,14.958333333333334,17931.21
1790826600,1,14.958092485549132,5094550.87
1285739938,2,14.857142857142858,556.97
1700430386,1,14.835616438356164,130886.31
1063657344,1,14.833333333333334,10989.74
1245892066,1,14.736842105263158,44364.17
1285764282,1,14.652173913043478,5027.5
1588725162,1,14.65,1462.5
1992357354,1,14.631067961165048,64043.56
1558575746,1,14.615384615384615,0.0
1750478160,1,14.61111111111111,9396.18
1134176720,1,14.583333333333334,855.0
1295847168,1,14.571428571428571,0.0
1801352554,1,14.411764705882353,58865.52
1629397690,1,14.4,8899.2
1164957080,1,14.392857142857142,156583.98
1841221116,1,14.35135135135135,6.65
1710033147,1,14.350574712643677,12322.5
1194402842,1,14.333333333333334,17519.72
1598992182,1,14.23076923076923,20998.08
1912371378,1,14.23076923076923,2548.67
1487930673,1,14.176470588235293,21401.85
1447340948,1,14.172413793103448,0.0
1043455199,1,14.153846153846153,2549.62
1356769343,1,14.153846153846153,0.0
1679030928,1,14.142857142857142,188.16
1508487901,1,14.117647058823529,26873.64
1548367873,2,14.06060606060606,5884.91
1669690830,1,14.00943396226415,262890.44
1659466787,1,14.0,2566.55
1558437723,1,14.0,65448.16
1093718728,1,14.0,8870.11
1609217157,1,14.0,0.0
1801356787,1,14.0,35058.24
1649611377,1,13.928571428571429,0.0
1356377691,1,13.923076923076923,266.0
1003396615,1,13.916666666666666,24.5
1548251218,1,13.88,613.3399999999999
1114473220,1,13.851851851851851,54110.0
1063421774,1,13.827586206896552,0.0
1265674741,1,13.789473684210526,1889.46
1194162503,1,13.785714285714286,3528.04
1801001458,1,13.692307692307692,20256.17
1528027414,1,13.666666666666666,242.68
1477114031,3,13.636363636363637,72.98
1376546440,1,13.523809523809524,5101.07
1255741286,1,13.5,15228.82
1275938193,1,13.456896551724139,7517.5
1356825012,1,13.428571428571429,15123.0
1023230935,1,13.416666666666666,2374.27
1932143377,1,13.416666666666666,0.0
1972932747,1,13.403225806451612,4140.0
1427157338,1,13.402439024390244,16011.76
1003824608,3,13.357142857142858,6470.1900000000005
1437155967,1,13.35,0.0
1114975620,1,13.346938775510203,13682.16
1922141431,1,13.34351145038168,53669.25
1760689871,1,13.304347826086957,660.96
1316013584,1,13.297297297297296,26715.420000000002
1417120429,1,13.294117647058824,6984.22
1730691585,1,13.263157894736842,0.0
1922193564,1,13.21875,23.13
1184906646,3,13.130434782608695,0.0
1356307656,1,13.083333333333334,3832.82
1477628352,1,13.0,32538.87
1174676415,1,12.982142857142858,64931.58
1235727439,1,12.981132075471699,53366.4
1124446190,1,12.95,774.84
1427833219,1,12.930232558139535,47611.619999999995
1821520842,1,12.857142857142858,23305.53
1245351790,1,12.857142857142858,1757.28
1619980430,1,12.849162011173185,6677.99
1548354426,1,12.837209302325581,1357.92
1679572036,1,12.821428571428571,3732.11
1669539482,1,12.82,5635.5
1588921035,1,12.80952380952381,10.06
1457369381,1,12.8,17009.94
1629333539,1,12.79746835443038,7734.9
1336587559,1,12.796296296296296,67004.51999999999
1326502865,1,12.795610425240055,4713853.87
1396317137,1,12.782608695652174,150.46
1497048185,1,12.755868544600938,226496.31
1255443727,1,12.75,1801.03
1154461622,1,12.75,8875.13
1043354442,1,12.726027397260275,4495.0
1558829283,1,12.705882352941176,0.0
1598262818,1,12.636363636363637,0.0
1700927068,1,12.625,19153.5
1134632599,1,12.565217391304348,1329035.7300000002
1336336122,1,12.520134228187919,203798.38
1750421921,1,12.516129032258064,168740.63
1740699586,1,12.5,331.83
1083001317,1,12.469072164948454,11730.0
1023006434,2,12.466666666666667,687.6800000000001
1992751549,1,12.462686567164178,15685.62
1386823888,1,12.455696202531646,28215.0
1801073176,1,12.45,1289.92
1629111398,1,12.418181818181818,19759.5
1619009701,1,12.382113821138212,7365.0
1144787078,1,12.36923076923077,3867.5
1861792947,1,12.333333333333334,21408.23
1700049145,1,12.30232558139535,3549.86
1760436190,2,12.272727272727273,4273.16
1629122601,1,12.26388888888889,4382.5
1013131804,1,12.25752508361204,1849731.22
1639649445,1,12.236842105263158,50693.66
1396736930,1,12.235294117647058,1550.35
1205921616,1,12.235294117647058,0.0
1972696581,1,12.235294117647058,0.0
1285641514,1,12.231884057971014,18923.34
1760901003,1,12.222222222222221,2259.4
1124032982,2,12.195121951219512,52602.119999999995
1053720243,3,12.15,5336.490000000001
1285622209,1,12.136363636363637,122.59
1740221621,1,12.083333333333334,0.0
1841524360,1,12.077669902912621,451.04999999999995
1346270527,1,12.001980198019801,137669.34
1639532617,1,12.0,11562.4
1205022159,1,11.988372093023257,26771.28
1306979265,1,11.977272727272727,45072.09
1962458398,1,11.928571428571429,9429.3
1336890532,1,11.923076923076923,12468.2
1871543215,1,11.916666666666666,344.88
1487699047,1,11.866666666666667,59205.65
1063743037,1,11.86046511627907,51720.9
1700025038,1,11.84,0.0
1962407759,1,11.832684824902724,238255.08000000002
1609997311,1,11.792635658914728,472214.89
1851326284,1,11.777777777777779,0.0
1821196486,1,11.75,556.04
1043530017,1,11.744827586206897,147639.87
1326004466,1,11.736141906873614,333619.2
1821117623,1,11.727272727272727,324.58
1427588029,1,11.714285714285714,411.99
1720253198,2,11.666666666666666,625.0600000000001
1477725851,1,11.631578947368421,0.0
1376597427,1,11.614035087719298,60009.28
1356640650,1,11.56910569105691,5961.58
1790721280,1,11.538461538461538,4747.22
1437116142,1,11.538461538461538,0.0
1326238742,1,11.5,0.0
1063284115,1,11.5,2733.24
1437531704,1,11.5,0.0
1164675112,1,11.47887323943662,0.0
1447650486,2,11.475,30837.519999999997
1215170774,1,11.444444444444445,0.0
1386964351,1,11.420289855072463,69334.65
1659382042,1,11.420289855072463,36.06
1962622134,5,11.40625,6877.650000000001
1770618571,1,11.393939393939394,0.88
1982927372,2,11.365325077399381,12550.140000000001
1427008986,1,11.363636363636363,0.0
1437255155,8,11.333333333333334,171178.87999999998
1639685845,1,11.307692307692308,14874.84
1447359997,2,11.258620689655173,14757.77
1427063270,1,11.256880733944953,29719.140000000007
1942571252,1,11.25,0.0
1447685342,1,11.25,296.28
1346285657,1,11.25,2624.36
1508873183,1,11.23404255319149,28105.0
1730190331,1,11.217391304347826,232.2
1205982931,1,11.206896551724139,0.0
1386299022,1,11.147058823529411,32319.63
1386017911,1,11.142857142857142,13760.76
1346755295,1,11.125,0.0
1700227287,1,11.083333333333334,88.79
1508845322,1,11.076923076923077,2765.33
1346242542,1,11.068627450980392,0.0
1740235449,1,11.066666666666666,351.2
1477332880,1,11.062893081761006,39777.84
1063453876,1,11.0,3744.18
1568550309,1,11.0,1075.24
1548715964,1,11.0,132389.0
1346745718,1,10.96923076923077,5515.44
1679587679,2,10.960629921259843,31315.59
1821093402,1,10.929824561403509,8256.439999999999
1811681232,1,10.903225806451612,6961.3
1932156056,1,10.831683168316832,66325.3
1841527918,1,10.823529411764707,0.0
1174722599,1,10.794871794871796,15789.69
1306909197,1,10.767441860465116,51151.4
1013953280,1,10.75,0.0
1447705074,1,10.75,815.28
1063093748,1,10.74074074074074,31499.280000000002
1982361226,1,10.694444444444445,33434.1
1437557766,1,10.666666666666666,1192.62
1205594397,1,10.640287769784173,67599.37
1558786830,1,10.583333333333334,11064.06
1083623409,1,10.523809523809524,748.01
1790493401,1,10.521367521367521,22659.55
1376885228,1,10.5,31495.48
1558419275,1,10.5,0.0
1750365375,1,10.5,11.73
1306557491,1,10.481012658227849,37887.12
1558531764,1,10.465116279069768,3496.65
1851339360,1,10.464285714285714,6596.24
1083605661,1,10.461538461538462,2635.2
1780186130,1,10.45,5692.5
1346274537,1,10.446666666666667,32773.64
1578625950,3,10.444444444444445,64206.78
1063901379,1,10.409090909090908,0.0
1730535824,1,10.36,16993.6
1508185539,1,10.352941176470589,511.56
1104349323,1,10.333333333333334,0.0
1922157403,1,10.323654995730145,1021428.36
1336252287,1,10.285714285714286,13455.22
1487893046,1,10.272727272727273,12070.02
1871838193,1,10.25,0.0
1255789384,1,10.23076923076923,707.63
1437780673,1,10.23076923076923,37376.75
1427125632,1,10.210526315789474,104520.09
1558492355,1,10.2,51983.93
1487246229,1,10.142857142857142,43730.75
1255454708,1,10.142857142857142,0.0
1699986331,1,10.083333333333334,0.0
1285719401,1,10.071428571428571,8113.99
1093412546,1,10.066666666666666,425.34
1316433238,1,10.052083333333334,12149.36
1518026905,1,10.047619047619047,34244.01
1689177990,1,10.0,10397.47
1588640254,1,10.0,530.07
1518173871,1,10.0,0.0
1710162623,1,9.952380952380953,0.0
1689800609,1,9.935483870967742,28633.5
1164932836,1,9.8875,56251.990000000005
1679021414,3,9.846153846153847,0.0
1881309359,1,9.817307692307692,23334.64
1235234535,1,9.793103448275861,791.22
1235376047,1,9.764705882352942,0.0
1801803903,1,9.692660550458715,45822.320000000014
1558543421,1,9.685714285714285,0.0
1285045153,1,9.660714285714286,49.95
1063452381,1,9.642857142857142,440.12
1689925943,1,9.6,167.75
1578996070,1,9.6,5779.0
1134868714,1,9.583333333333334,39627.63
1912073008,1,9.579710144927537,25125.98
1679620090,2,9.578947368421053,10134.380000000001
1134295496,1,9.555555555555555,23312.52
1053085373,1,9.546184738955823,54778.93
1396382685,1,9.529411764705882,131.6
1083209381,1,9.5,3855.28
1023398310,1,9.466666666666667,0.0
1366518615,1,9.406015037593985,81354.08999999998
1750477808,1,9.391304347826088,9583.759999999998
1992371553,1,9.350877192982455,12580.56
1427616002,1,9.333333333333334,2594.96
1679640627,1,9.28125,0.0
1336583707,1,9.238095238095237,0.0
1841761228,1,9.153061224489797,15717.63
1790121325,2,9.133333333333333,0.0
1154982601,1,9.133333333333333,5158.08
1326148669,1,9.12,11516.189999999999
1649485848,1,9.1,5187.82
1407098858,1,9.071428571428571,0.0
1467529529,1,9.058823529411764,4262.38
1689115081,2,9.047619047619047,0.0
1144747080,1,9.0,28595.31
1538441761,1,9.0,0.0
1861545501,2,8.96551724137931,0.0
1134193634,1,8.956521739130435,785.01
1659452241,1,8.944444444444445,1521.81
1104034826,1,8.9375,0.0
1922546035,1,8.936842105263159,61763.96
1275198780,1,8.909090909090908,12200.59
1033316203,1,8.904761904761905,0.0
1003982190,1,8.901960784313726,31963.129999999997
1346365707,1,8.882352941176471,22023.48
1346808441,1,8.875,4259.9
1033488382,1,8.864864864864865,3146.26
1073535027,1,8.852631578947369,23262.84
1295727147,1,8.846153846153847,0.0
1518338268,1,8.80916030534351,17807.489999999998
1881034890,3,8.75,0.0
1174035612,1,8.714285714285714,1400.54
1083756571,3,8.714285714285714,1162.6999999999998
1083609853,1,8.68421052631579,273.59
1932588795,2,8.677506775067751,946671.7
1952476988,2,8.666666666666666,7831.209999999999
1861432726,1,8.660079051383399,173.97
1487600334,3,8.655172413793103,23.53
1679563522,1,8.642857142857142,481.0
1417027558,5,8.635802469135802,125960.65999999999
1003210881,1,8.6,1384.68
1538458153,1,8.595238095238095,0.0
1437650579,2,8.588235294117647,0.0
1629144050,1,8.587719298245615,3320.93
1699406769,1,8.585365853658537,1890.72
1376675009,1,8.583333333333334,0.0
1548370745,1,8.555,11242.83
1174689665,1,8.549618320610687,25478.98
1174925440,1,8.533333333333333,952.56
1386949998,1,8.513043478260869,0.0
1912958174,2,8.5,16975.010000000002
1811913262,1,8.5,0.0
1700087590,1,8.461538461538462,10820.66
1396833026,1,8.461538461538462,2500.0
1083283741,1,8.444444444444445,16.46
1558528729,1,8.44186046511628,24591.33
1780600577,2,8.342105263157896,18864.57
1013965979,1,8.333333333333334,1743.39
1780709501,1,8.277777777777779,24199.12
1689893075,1,8.268041237113403,10119.67
1740648856,1,8.254545454545454,10841.74
1780676957,1,8.25,118.8
1114252558,1,8.25,0.0
1285613612,1,8.25,20961.3
1225570195,1,8.24390243902439,3222.32
1154453496,1,8.23076923076923,1.0
1700387644,1,8.176470588235293,2087.28
1619255841,1,8.150943396226415,2654.28
1245370717,1,8.149425287356323,16928.3
1164962122,1,8.1375,21.14
1811281488,1,8.133333333333333,0.0
1306387261,1,8.115384615384615,0.0
1104982917,1,8.115384615384615,1567.1100000000001
1174912695,1,8.101449275362318,2817.5
1669990701,3,8.081967213114755,97.27000000000001
1881005387,1,8.075528700906345,233454.06
1407064470,2,8.068965517241379,82431.53
1679574651,1,8.047619047619047,1414.43
1457821316,1,8.0,6462.56
1215913017,1,8.0,63896.25
1952347205,1,7.96078431372549,3505.79
1578573085,2,7.947368421052632,0.0
1043348808,1,7.9393939393939394,5356.04
1003940438,1,7.861979166666667,316952.24
1447255153,1,7.830188679245283,6965.099999999999
1538638218,1,7.814814814814815,4105.04
1225258676,1,7.8125,0.0
1487811204,1,7.785714285714286,980.0
1124083118,1,7.763636363636364,70357.92
1841528700,1,7.75,0.0
1043209935,1,7.75,743.07
1730207838,1,7.73469387755102,52367.91
1487743480,1,7.730769230769231,3472.87
1871788141,1,7.714285714285714,200.0
1124040613,1,7.695652173913044,1514.97
1225033020,1,7.65,26.53
1861950859,1,7.611111111111111,45374.52
1558487017,1,7.610169491525424,73755.41
1376712786,1,7.608695652173913,13125.0
1568460772,1,7.590909090909091,2535.85
1508079831,1,7.590062111801243,171800.92
1679542393,1,7.583333333333333,3846.98
1871572602,1,7.571428571428571,20.0
1851604482,1,7.55,0.0
1902340177,1,7.55,7818.78
1568140911,1,7.538461538461538,8903.42
1114027315,1,7.538461538461538,0.0
1033710298,1,7.538461538461538,6151.77
1972751642,1,7.529411764705882,536.25
1558799684,1,7.493055555555555,59972.8
1659435840,1,7.444444444444445,0.0
1437122009,1,7.4423076923076925,3627.17
1235653916,1,7.428571428571429,1614.61
1760600142,1,7.419354838709677,0.0
1649259656,1,7.416666666666667,1635.65
1134445422,1,7.384615384615385,44500.08
1649554007,1,7.352941176470588,9680.59
1528435526,1,7.333333333333333,0.0
1851397129,2,7.310344827586207,587.8199999999999
1982062485,2,7.3076923076923075,1064.11
1528632783,1,7.2592592592592595,0.0
1902829500,1,7.255813953488372,4468.08
1841238425,1,7.25,0.0
1568401016,1,7.225,6985.89
1104155894,1,7.214285714285714,42.79
1003152240,1,7.214285714285714,1502.06
1548592348,1,7.2,1609.35
1023387479,1,7.193548387096774,164.60999999999999
1417374943,1,7.166666666666667,247.5
1124396874,1,7.166666666666667,1214.68
1538174925,1,7.161290322580645,7650.12
1417495516,1,7.153846153846154,0.0
1679926745,1,7.147058823529412,11674.5
1366536963,1,7.096774193548387,0.0
1477591121,1,7.055555555555555,0.0
1699756221,1,7.054054054054054,5406.17
1164524328,1,7.048,400.4
1710176151,1,7.04,10152.13
1437230034,1,7.03125,1126.21
1295327625,1,7.0,17360.95
1730106162,1,7.0,113.31
1073633699,1,7.0,11342.54
1588338685,1,7.0,3388.5
1295225761,2,7.0,110745.12
1710932173,1,6.954545454545454,1976.1
1083751630,1,6.925925925925926,4675.0
1053654434,1,6.92,0.0
1619340387,1,6.884057971014493,28393.74
1609983139,1,6.882352941176471,6201.57
1194483867,1,6.877551020408164,10745.97
1205044013,1,6.875,0.0
1780628305,1,6.866666666666666,8586.08
1518150481,1,6.863636363636363,818.44
1780196592,1,6.833333333333333,49421.93
1750457842,1,6.815789473684211,22594.050000000003
1689067563,1,6.785498489425982,207115.0
1790087583,2,6.769230769230769,0.0
1154477909,1,6.766666666666667,28.9
1639179328,1,6.75,1562.15
1467976126,1,6.7368421052631575,0.0
1376819888,2,6.714285714285714,582.0
1649635251,1,6.6875,0.0
1174013833,1,6.685714285714286,1155.72
1740409333,1,6.642857142857143,1761.43
1760066179,1,6.636363636363637,35.91
1548208127,2,6.588235294117647,3991.26
1144228487,1,6.588235294117647,3108.93
1962408203,1,6.538461538461538,2832.2200000000003
1497810048,1,6.524390243902439,14292.38
1750784849,1,6.516129032258065,1118.08
1710068739,1,6.516129032258065,0.0
1619920949,1,6.5,74.23
1912300302,1,6.48936170212766,549.28
1497049423,1,6.4655172413793105,0.0
1750503306,1,6.463414634146342,2523.88
1275840084,1,6.45,0.0
1487999405,1,6.43859649122807,35469.11
1588373351,1,6.432098765432099,71449.11
1134194038,1,6.419354838709677,37.56
1821120486,1,6.416666666666667,653.0
1891841862,1,6.388888888888889,1095.96
1881726347,1,6.380952380952381,3995.99
1164875290,1,6.363636363636363,0.0
1629322755,1,6.3125,0.0
1578506358,1,6.310344827586207,0.0
1639615917,1,6.304347826086956,3196.32
1952375495,1,6.2894736842105265,0.0
1457861684,1,6.285714285714286,3300.0
1043320377,1,6.285714285714286,46.64
1366722316,1,6.25,5.06
1003270430,1,6.25,0.0
1417924762,2,6.230769230769231,46939.119999999995
1700212735,1,6.217391304347826,2586.83
1013035112,1,6.2,3250.35
1336139500,1,6.166666666666667,0.0
1740672732,2,6.147058823529412,11224.83
1063794618,1,6.133333333333334,2979.83
1760873590,1,6.12,1792.58
1437668985,1,6.095238095238095,3681.04
1356398499,1,6.083333333333333,18.18
1619341716,2,6.071428571428571,5902.42
1962601658,1,6.066666666666666,0.0
1144203498,3,6.0625,50396.6
1497822548,1,6.035714285714286,1177.2
1730209545,1,6.026315789473684,3900.4
1124214879,1,6.0,0.0
1033661848,1,6.0,11379.36
1447609367,1,6.0,0.0
1598908014,1,6.0,32.11
1518522275,1,6.0,0.0
1760963920,1,6.0,1716.68
1437363983,1,6.0,1640.0
1093266629,1,5.967741935483871,2203.19
1265584189,2,5.9655172413793105,0.0
1912947748,1,5.9375,19117.41
1346659927,1,5.933333333333334,0.0
1689799579,1,5.911111111111111,0.0
1619011228,1,5.895348837209302,0.0
1427098227,3,5.863636363636363,62956.66999999999
1790132280,1,5.849056603773585,10243.74
1588691828,2,5.846153846153846,6601.030000000001
1477642601,1,5.833333333333333,579.33
1679134407,1,5.833333333333333,0.0
1639539174,1,5.833333333333333,0.0
1811186208,1,5.827160493827161,0.0
1639403330,1,5.809523809523809,17690.0
1275769119,1,5.7894736842105265,0.0
1770053761,1,5.775862068965517,0.0
1487711560,1,5.769230769230769,1674.0
1942730429,1,5.761904761904762,0.0
1205194883,1,5.75,32.15
1568604437,1,5.75,0.0
1194768721,1,5.733333333333333,9.03
1851608780,1,5.733333333333333,0.0
1750465456,1,5.705882352941177,866.86
1982900064,1,5.7,3662.74
1467402347,2,5.6923076923076925,8440.86
1811658024,1,5.675675675675675,521.36
1194733360,1,5.666666666666667,25874.730000000003
1306954631,2,5.666666666666667,4088.6899999999996
1770532798,1,5.666666666666667,136.16
1811975535,1,5.6521739130434785,0.0
1659365153,2,5.647058823529412,2108.53
1770889552,1,5.641025641025641,2480.94
1962075267,1,5.631578947368421,14799.619999999999
1447816632,1,5.625,735.6
1881789014,4,5.622222222222222,33398.3
1922623313,1,5.615384615384615,7896.56
1336863471,1,5.611111111111111,434.0
1972582062,1,5.583815028901734,3558.33
1043492556,1,5.583333333333333,0.0
1245669514,1,5.571428571428571,770.0
1881761484,1,5.565217391304348,4148.95
1134124787,1,5.55,0.0
1053898908,1,5.538461538461538,18400.32
1972944080,1,5.5,1420.06
1760682231,1,5.5,0.0
1801062880,1,5.5,0.0
1861445272,1,5.482758620689655,0.0
1073828182,1,5.478260869565218,28675.08
1124347182,1,5.466666666666667,2087.31
1538266531,1,5.466666666666667,0.0
1275722340,1,5.466666666666667,9628.61
1902182637,1,5.461538461538462,966.91
1578640181,1,5.450980392156863,257.92
1902988496,1,5.428571428571429,242.31
1114996345,1,5.416666666666667,59.37
1174987978,1,5.394736842105263,13997.92
1700172392,1,5.391304347826087,156806.82
1750626495,1,5.379310344827586,0.0
1568642676,1,5.375,0.0
1326188509,1,5.333333333333333,603.09
1902834880,1,5.333333333333333,6.78
1831232669,1,5.333333333333333,0.0
1245248939,1,5.3125,598.86
1902314255,1,5.3076923076923075,1768.69
1952413759,1,5.3076923076923075,30799.77
1962823211,1,5.3076923076923075,0.0
1689624686,3,5.285714285714286,5354.37
1619963105,1,5.266666666666667,0.0
1245733302,1,5.260869565217392,0.0
1760998983,1,5.258064516129032,2525.66
1871918870,1,5.258064516129032,3879.68
1700464443,1,5.25,4363.38
1801241773,1,5.25,0.0
1861957326,1,5.242424242424242,282.72
1710468848,1,5.235294117647059,0.0
1679048763,1,5.229166666666667,1086.79
1114974813,1,5.214285714285714,3631.43
1114268950,1,5.2,64.95
1689727554,1,5.2,259.58
1326209586,1,5.2,0.0
1619496197,1,5.1923076923076925,1875.08
1023157104,1,5.1875,0.0
1396992244,1,5.166666666666667,0.0
1386643294,1,5.158730158730159,42366.08
1215978960,1,5.157894736842105,2442.74
1104454651,1,5.153846153846154,269.1
1619275039,2,5.142857142857143,15322.81
1952537649,1,5.130769230769231,22981.8
1851811525,1,5.127208480565371,20774.139999999996
1700241015,1,5.117647058823529,0.0
1578575379,1,5.105263157894737,11158.5
1760028740,1,5.104166666666667,0.0
1992996557,1,5.096774193548387,159.02
1356648547,1,5.083333333333333,0.0
1457802332,1,5.066666666666666,0.0
1841295391,1,5.0588235294117645,1645.87
1144675646,1,5.053763440860215,83.22
1063858140,1,5.045454545454546,875.84
1851328199,1,5.043478260869565,3248.96
1730291493,1,5.043478260869565,527.28
1477887149,1,5.01685393258427,2063.17
1134500325,1,5.0,2732.64
1346297926,1,5.0,1777.29
1255822169,1,5.0,0.0
1306249172,3,5.0,0.0
1598790529,1,5.0,153.0
1386709871,1,5.0,0.0
1033178561,2,5.0,11641.75
1417933904,1,4.9743589743589745,4511.6
1982854451,1,4.954545454545454,0.0
1538143060,1,4.95,307.0
1164464921,1,4.945454545454545,3786.7899999999995
1548771736,1,4.941373534338358,539147.12
1669832135,1,4.926773455377575,321219.27
1588143556,1,4.92,33.08
1730124025,1,4.916666666666667,3027.08
1952993727,2,4.909090909090909,381.05999999999995
1083987978,1,4.888888888888889,639.61
1699338202,1,4.884615384615385,0.0
1497068118,1,4.875,0.0
1619225067,1,4.875,710.52
1083655914,1,4.866666666666666,95.1
1457003329,1,4.865747460087083,1262070.56
1497700736,1,4.863636363636363,2619.76
1275637324,1,4.8493150684931505,2187.03
1538434501,1,4.846153846153846,23.26
1407994676,1,4.836734693877551,2403.5
1578810883,1,4.833333333333333,1355.07
1972987998,1,4.833333333333333,0.0
1265414932,1,4.833333333333333,280.8
1790160984,1,4.823529411764706,1098.0
1508829581,1,4.815789473684211,0.0
1942688320,1,4.808219178082192,0.0
1467501775,1,4.8,0.0
1396700555,1,4.8,1131.24
1235635533,1,4.779661016949152,4980.79
1245214477,1,4.777777777777778,170.24
1639168800,1,4.75,0.0
1447640750,1,4.75,3669.66
1275778011,1,4.75,467.35
1730808866,1,4.75,782.94
1144207804,1,4.75,0.0
1588659528,1,4.734939759036145,50380.66
1922055144,1,4.722222222222222,1022.74
1235365354,1,4.6923076923076925,170.85
1861727588,1,4.683333333333334,9083.28
1982783619,1,4.666666666666667,399.55
1942354147,1,4.666666666666667,749.52
1346228061,1,4.6521739130434785,1009.3
1285799353,1,4.644444444444445,1384.98
1861431751,1,4.642857142857143,372.6
1790732360,1,4.615384615384615,7.2
1902260136,1,4.583333333333333,115.76
1821355785,1,4.555555555555555,366.89
1083659734,1,4.538461538461538,483.12
1023102274,1,4.538461538461538,1036.66
1912556895,1,4.53125,948.25
1497796353,2,4.5,5985.93
1073506325,1,4.5,162.09
1942506837,1,4.5,134.49
1124272125,1,4.5,616.0
1720041049,1,4.46875,0.0
1427484062,1,4.461538461538462,2116.0
1275714990,1,4.46078431372549,15196.16
1952366106,1,4.4375,6431.92
1598756686,1,4.4375,8762.25
1518089945,1,4.4375,0.0
1629402516,1,4.428571428571429,0.0
1356749006,1,4.388888888888889,789.33
1942792940,1,4.384615384615385,129.0
1023003969,1,4.357142857142857,1366.51
1417522509,1,4.333333333333333,619.95
1063076016,1,4.333333333333333,338.16
1679006761,1,4.333333333333333,0.0
1295407468,1,4.309523809523809,60721.14
1467636852,1,4.294117647058823,0.0
1598824898,1,4.277777777777778,4599.13
1871923235,1,4.2727272727272725,4358.7
1760747521,1,4.2631578947368425,1909.91
1164402038,1,4.261980830670926,35256.66
1518914977,2,4.25,315.11
1285181164,1,4.230769230769231,10530.3
1578868188,1,4.218181818181818,0.0
1629084702,1,4.217391304347826,18129.98
1477764496,2,4.193548387096774,5619.969999999999
1770917288,1,4.190476190476191,2509.86
1538139662,1,4.187725631768953,23368.2
1528181674,1,4.162790697674419,18126.02
1962546176,1,4.154981549815498,18740.49
1467654244,1,4.153846153846154,657.45
1114984671,1,4.148148148148148,1404.96
1083716088,1,4.148148148148148,1504.62
1669913281,1,4.1,281.0
1104921998,1,4.1,1193.72
1386705580,1,4.083333333333333,0.0
1790962371,1,4.083333333333333,0.0
1881194280,1,4.0638297872340425,2865.0
1871226415,1,4.055555555555555,10080.82
1528364577,1,4.027027027027027,0.0
1700184116,1,4.007518796992481,16741.72
1215128715,1,4.0,2433.6
1225529605,1,4.0,571.69
1417009382,1,4.0,0.0
1376655498,1,4.0,450.2
1053455691,1,3.9655172413793105,2371.2
1669199105,1,3.962962962962963,842.66
1184878274,1,3.9558823529411766,23337.83
1649602095,1,3.9523809523809526,64584.72
1104968395,1,3.8727272727272726,1766.32
1265445977,1,3.8333333333333335,0.0
1306215025,1,3.8181818181818183,0.0
1043663107,1,3.8095238095238093,4623.84
1881028108,1,3.769230769230769,7081.81
1811971872,1,3.7662337662337664,2645.35
1669470019,1,3.7157894736842105,12272.17
1184694291,1,3.6867469879518073,5595.650000000001
1285893719,1,3.6285714285714286,3775.63
