BILLING_PROVIDER_NPI_NUM,HCPCS_CODE,CLAIM_FROM_MONTH,TOTAL_PAID,TOTAL_CLAIMS,TOTAL_UNIQUE_BENEFICIARIES,cost_per_bene,avg_cpb,std_cpb,z_score
1356321699,36415,2022-12,45630.11,16,13,3510.0084615384617,5.868861196004876,40.01839308735936,87.56322605690313
1841069044,85025,2024-03,71259.12,16,16,4453.695,9.50089125198956,59.44260862594832,74.76445283069219
1699769901,85025,2020-02,47659.71,17,12,3971.6425,9.50089125198956,59.44260862594832,66.65490799167968
1992727663,81001,2018-04,31863.56,18,14,2275.9685714285715,5.215718848354984,34.39447676171262,66.02085760199678
1154312429,93010,2022-06,6371.58,481,16,398.22375,6.58740216837122,6.302016133916007,62.14461205897771
1942685920,80053,2018-08,40637.32,35,12,3386.443333333333,14.346578466879235,54.45365227484871,61.92599787147744
1285717298,1160F,2024-02,3506.93,31,29,120.92862068965516,0.09977781972253535,1.9615023450633853,61.60015213544294
1508935891,93005,2018-10,42181.14,14,12,3515.095,24.311060925703096,57.62920799773043,60.5731721874743
1740547728,D1208,2022-09,40320.0,64,63,640.0,15.756722309950415,10.702457309486533,58.32709812696264
1558416701,D0230,2022-02,10314.77,17,16,644.673125,13.29248886947041,11.106289585261212,56.84892612276326
1699769901,85025,2019-03,57317.08,24,17,3371.5929411764705,9.50089125198956,59.44260862594832,56.56030459700983
1699703827,99232,2024-05,164202.47,149,32,5131.3271875,81.19720554835112,93.33721981967422,54.10628248525515
1679514236,90471,2024-10,13780.0,13,13,1060.0,11.04445762823494,19.7004476608834,53.24526429186372
1699769901,97112,2019-05,146383.94,69,12,12198.661666666667,82.55314493281476,233.74630333827673,51.83443908500862
1164874426,1036F,2023-01,3428.52,59,57,60.14947368421053,0.06499863139828786,1.1720128312517781,51.266055669918316
1740547728,D1208,2024-04,99222.0,178,177,560.5762711864406,15.756722309950415,10.702457309486533,50.906024020630156
1699703827,99232,2023-10,125631.42,120,26,4831.977692307692,81.19720554835112,93.33721981967422,50.899100015382515
1033490149,3078F,2019-12,3568.62,54,48,74.34625,0.21091335072187548,1.4597427234017943,50.78657729254689
1194368167,D1120,2024-05,26829.41,25,25,1073.1764,33.92458180910534,20.653516301250104,50.318396297873576
1033154026,80053,2019-04,37653.92,24,14,2689.565714285714,14.346578466879235,54.45365227484871,49.12836924722635
1093740128,85610,2019-08,14832.31,14,13,1140.946923076923,4.2695261892401675,23.193533506016433,49.008375398807914
1760590962,99213,2020-06,32097.91,12,12,2674.8258333333333,50.30623114884409,54.256440587309854,48.372498707523825
1770782831,D0274,2019-10,12958.0,19,19,682.0,22.99497008540311,13.717222749320438,48.04216144607293
1093345886,1159F,2023-05,1295.49,26,14,92.535,0.11494054961927692,1.9842264617849479,46.57737472528339
1285641514,36416,2021-03,15023.6,66,14,1073.1142857142856,2.6842804613405558,23.06013554407819,46.41906823170561
1700886322,1126F,2024-02,1992.71,68,17,117.21823529411765,0.12074950068204841,2.5275217898111544,46.328971827453415
1366515488,83036,2018-04,8269.09,21,19,435.21526315789475,6.234724689727438,9.382233318186282,45.72264661513398
1588659528,J1885,2020-02,27544.95,71,41,671.8280487804878,2.7300812900261757,15.046012409080117,44.470119344489426
1588659528,J1100,2022-01,74281.06,88,34,2184.7370588235294,4.360215666267232,49.34122421062274,44.18975974025074
1669508537,T1015,2022-02,180627.3,325,20,9031.365,211.25273311602157,201.9509684607974,43.6745232474393
1710105200,96372,2022-02,29672.63,46,13,2282.51,18.4798245575949,52.33644373055019,43.259152018401856
1518239219,1159F,2023-10,5393.55,88,63,85.61190476190477,0.11494054961927692,1.9842264617849479,43.08830965563029
1225255375,99233,2023-08,1407046.95,1253,282,4989.528191489361,115.25161189925247,113.78794917723539,42.83649204361673
1699129601,99213,2018-09,54242.98,57,23,2358.3904347826087,50.30623114884409,54.256440587309854,42.540280539037184
1356406136,3074F,2021-04,1334.71,50,12,111.22583333333334,0.2786769239714066,2.6383499327885356,42.051721430333245
1376885228,J7030,2019-06,31495.48,126,12,2624.6233333333334,9.000817210641838,62.27635969637238,42.00024742735649
1447261540,99231,2023-12,595105.82,704,148,4020.98527027027,47.79060555200659,95.24712548270567,41.714588703673684
1760590962,36415,2020-12,22898.76,22,14,1635.6257142857141,5.868861196004876,40.01839308735936,40.72519477561187
1366515488,80048,2020-01,17955.26,14,14,1282.5185714285712,10.811951879837736,31.62681714729883,40.209756600731694
1891775128,3008F,2024-08,2558.57,16,15,170.57133333333334,0.42738295975199997,4.279681254655887,39.75622020646535
1760590962,80053,2019-02,30360.15,20,14,2168.582142857143,14.346578466879235,54.45365227484871,39.56090132424913
1467486449,3008F,2021-05,2707.8,41,16,169.2375,0.42738295975199997,4.279681254655887,39.4445536934786
1114473212,96372,2021-08,74623.3,45,36,2072.8694444444445,18.4798245575949,52.33644373055019,39.25351960220498
1275570376,J2405,2018-06,58865.41,91,61,965.0067213114754,3.6449432707668614,24.618593635477804,39.05023139320567
1548208127,3074F,2023-10,1334.45,49,13,102.65,0.2786769239714066,2.6383499327885356,38.801268097075315
1821201278,92340,2024-08,45524.56,48,45,1011.6568888888888,23.339651209759,25.702421657705255,38.45230036457849
1215936927,J2250,2018-07,123348.12,31,22,5606.732727272727,7.816380280019756,146.59830644813624,38.19223074704141
1699703827,99232,2024-02,246854.72,249,68,3630.216470588235,81.19720554835112,93.33721981967422,38.02362307230196
1326502865,T1015,2023-01,4612210.13,9110,585,7884.11988034188,211.25273311602157,201.9509684607974,37.99371305671807
1598873382,85025,2020-09,27020.78,15,12,2251.7316666666666,9.50089125198956,59.44260862594832,37.72093498662308
1316995210,92015,2021-06,14503.6,32,31,467.85806451612905,11.62575043736845,12.137412693419181,37.58892653671787
1740246792,D0150,2021-01,12619.2,13,12,1051.6000000000001,39.65225914001669,26.99474462700652,37.4868425259187
1235727439,V2103,2024-07,53366.4,688,53,1006.9132075471698,25.734317581029178,26.53337405320663,36.979047142614064
1689997678,3075F,2018-07,1158.62,19,18,64.36777777777777,0.26455838005436755,1.7419189796036767,36.80034499211223
1649356791,99000,2022-01,9900.0,44,41,241.46341463414635,2.618725432064328,6.533361694522869,36.55770189523004
1134187842,81025,2018-01,16017.23,15,15,1067.8153333333332,7.131034884483336,29.02711898670565,36.54114963784869
1154467173,D1206,2021-08,35580.5,46,46,773.4891304347826,19.06332537451484,20.740227395692365,36.37500161724157
1023418035,84439,2022-03,10434.51,12,12,869.5425,8.596994819655384,23.698488672764512,36.3291312399084
1962583054,3079F,2019-11,811.05,15,15,54.07,0.2354169276626151,1.4841469555192717,36.273081228335506
1407243223,1159F,2021-04,1295.17,18,18,71.9538888888889,0.11494054961927692,1.9842264617849479,36.20501476159408
1063470763,81003,2018-10,9053.77,15,13,696.4438461538462,3.182383318247051,19.15561343030946,36.19103430739881
1891849725,99213,2021-03,26100.43,13,13,2007.7253846153847,50.30623114884409,54.256440587309854,36.07717594958423
1720202187,D0272,2020-07,5010.72,13,13,385.44,16.27579710161885,10.25985407274647,35.98142822313643
1063577831,3074F,2024-01,1134.72,52,12,94.56,0.2786769239714066,2.6383499327885356,35.734957635578084
1891849725,99213,2019-12,63387.6,36,32,1980.8625,50.30623114884409,54.256440587309854,35.58206634923813
1891849725,99213,2023-10,116742.82,60,59,1978.6918644067798,50.30623114884409,54.256440587309854,35.542059382881256
1891849725,99214,2024-11,25431.2,13,13,1956.246153846154,65.76619579824255,53.20116577579123,35.5345588857032
1790826600,T1015,2022-03,5094550.87,10351,692,7362.067731213873,211.25273311602157,201.9509684607974,35.40866900812097
1720202187,D0220,2022-07,14175.0,21,19,746.0526315789474,11.256885398376493,20.885311762273968,35.182416932260686
1649299827,81002,2018-08,6440.57,18,16,402.535625,2.858283306045902,11.45748535382212,34.883513210045265
1396052528,3074F,2019-11,1846.1,24,20,92.30499999999999,0.2786769239714066,2.6383499327885356,34.88025675910388
1427273705,99214,2020-01,40269.44,27,21,1917.592380952381,65.76619579824255,53.20116577579123,34.808000128388116
1790745172,3078F,2019-10,1365.0,27,27,50.55555555555556,0.21091335072187548,1.4597427234017943,34.48870913876535
1215921457,90837,2023-08,102468.48,614,19,5393.077894736842,206.3517565596146,150.608574831151,34.43845175476977
1831270842,80307,2024-07,30687.0,30,13,2360.5384615384614,50.17009751054971,67.36065421849007,34.2984846396241
1134632599,T1015,2018-07,1232640.01,3606,175,7043.6572,211.25273311602157,201.9509684607974,33.83199654331086
1023788031,H0004,2022-11,4350892.64,1201,307,14172.288729641692,257.9139427357784,411.7492662585286,33.79332017599607
1366515488,86140,2019-04,18540.95,29,28,662.1767857142858,5.182131651208609,19.455743656621507,33.7686734395001
1578547345,99284,2023-10,58060.07,14,14,4147.147857142857,115.42618741925443,119.51867660698232,33.73298453580826
1205835485,Q9967,2021-12,52088.48,23,16,3255.53,20.00014292975123,96.39242488199676,33.56622536502399
1215903018,88304,2022-12,14128.4,14,13,1086.8,16.36276608301998,32.328250453034784,33.111511415443566
1275799645,G2211,2024-10,8630.46,14,14,616.4614285714285,5.02396503943566,18.467532117383424,33.108780298611144
1396021077,97110,2018-06,78602.56,256,15,5240.170666666667,121.47357371800129,156.17934603694567,32.77448153571977
1437368891,81002,2019-09,6792.0,18,18,377.3333333333333,2.858283306045902,11.45748535382212,32.68387769768047
1316147069,D1120,2022-11,8505.0,12,12,708.75,33.92458180910534,20.653516301250104,32.673633310084305
1639138480,2001F,2019-10,2911.96,50,42,69.33238095238096,0.11023170765909264,2.1331392322533476,32.450834993831535
1629116645,J3490,2020-09,237835.4,218,26,9147.515384615384,40.5873708679278,282.5157455583551,32.23511665075097
1467595793,87088,2020-06,7765.81,12,12,647.1508333333334,6.540136832884302,19.87762698545522,32.22772501814197
1467486449,3008F,2018-07,10359.56,237,75,138.12746666666666,0.42738295975199997,4.279681254655887,32.17531295283032
1356400311,A4927,2020-03,167288.76,85,83,2015.5272289156628,17.808574777036196,62.94764362533268,31.736194384481514
1780671099,G8417,2023-01,14873.39,300,170,87.4905294117647,0.21466041963829297,2.751427161323751,31.720217863276723
1639209596,3077F,2023-02,994.0,49,15,66.26666666666667,0.28493021569282323,2.082039436288354,31.690915791969488
1487734547,G8510,2018-09,2850.0,13,12,237.5,2.289383183390728,7.441912281683634,31.60620656541735
1467486449,3008F,2019-01,6377.43,131,47,135.69,0.42738295975199997,4.279681254655887,31.605768979429275
1194754382,92015,2018-12,10256.54,26,26,394.4823076923077,11.62575043736845,12.137412693419181,31.543506587900843
1730128760,93010,2019-08,3285.14,16,16,205.32125,6.58740216837122,6.302016133916007,31.534963352773524
1366515488,87186,2020-06,5622.3,13,12,468.52500000000003,6.345251796905948,14.784080003734488,31.26198911845354
1013332014,82962,2020-02,16058.6,96,31,518.0193548387097,3.7806097881840595,16.495144127157094,31.175159252103708
1619390838,81025,2022-04,17315.58,20,19,911.3463157894738,7.131034884483336,29.02711898670565,31.15070707909796
1366515488,87081,2018-01,23435.8,13,13,1802.753846153846,10.30235145683433,57.989220733939426,30.910080735883064
1518000421,D0330,2018-06,14965.31,19,18,831.406111111111,40.828611202732155,25.58424772175673,30.90094766539003
1821201278,92340,2022-06,17955.0,22,22,816.1363636363636,23.339651209759,25.702421657705255,30.845214625483912
1073715579,D0220,2023-02,17658.0,27,27,654.0,11.256885398376493,20.885311762273968,30.774887246961658
1073715579,D0220,2023-05,9156.0,14,14,654.0,11.256885398376493,20.885311762273968,30.774887246961658
1699769901,87086,2018-10,9581.56,13,12,798.4633333333333,8.476267010832352,25.728201563060196,30.705102507310166
1952631442,90471,2018-10,53527.74,93,87,615.2613793103448,11.04445762823494,19.7004476608834,30.670212783124942
1821201278,92340,2021-07,32274.4,50,40,806.86,23.339651209759,25.702421657705255,30.484300632246132
1437368891,87077,2023-10,42009.0,76,73,575.4657534246576,6.848486488159495,18.65638987482016,30.47841896271367
1437175734,96110,2023-04,40828.65,44,43,949.5034883720931,15.80995828638713,30.772167869545452,30.342143395420713
1528263910,99215,2024-06,54912.25,35,15,3660.8166666666666,102.62882663125534,117.5313519727367,30.274371734112194
1063567691,87880,2020-01,108857.18,229,209,520.8477511961722,11.55900607739369,16.90586577301315,30.124972714012472
1720202187,D0220,2021-09,8888.0,14,14,634.8571428571429,11.256885398376493,20.885311762273968,29.858316914627157
1497829774,97530,2019-12,141116.45,617,23,6135.497826086957,172.845441782001,199.82176353002575,29.839854673332376
1538378625,99391,2023-02,17489.0,20,12,1457.4166666666667,75.2206609282845,46.643764745807026,29.633028407352832
1063577831,3074F,2021-07,1019.98,62,13,78.46000000000001,0.2786769239714066,2.6383499327885356,29.632658694897565
1720202187,D0220,2019-10,8184.0,14,13,629.5384615384615,11.256885398376493,20.885311762273968,29.603655582336742
1497479836,H0020,2024-07,490780.0,519,18,27265.555555555555,283.5511352939386,916.4702595896426,29.44122205595961
1518026905,99214,2023-07,34244.01,211,21,1630.667142857143,65.76619579824255,53.20116577579123,29.414786767153817
1720196702,1125F,2021-06,505.81,15,13,38.90846153846154,0.08519050121121682,1.321626578506444,29.37537097742396
1467486449,3008F,2018-10,12483.48,309,99,126.09575757575757,0.42738295975199997,4.279681254655887,29.363956598237387
1003824061,86901,2019-08,19460.61,34,26,748.485,6.415306703177629,25.37380399007412,29.245504284147138
1699703827,99232,2024-03,67223.83,61,24,2800.9929166666666,81.19720554835112,93.33721981967422,29.139454939550486
1447233788,96375,2019-01,123423.96,534,88,1402.545,26.495227652065537,47.64713782901692,28.880009063417983
1376686600,71046,2018-03,10715.35,15,15,714.3566666666667,15.320468082792386,24.256692142115863,28.818282166766156
1699703827,99233,2023-12,166012.71,113,49,3388.014489795918,115.25161189925247,113.78794917723539,28.761946247919724
1467486449,3008F,2018-09,7769.67,189,63,123.32809523809524,0.42738295975199997,4.279681254655887,28.717258357649637
1336120047,90686,2020-11,5972.23,21,21,284.39190476190475,6.0173512952468835,9.724724073798265,28.6254449333626
1023561248,4004F,2018-07,413.49,33,28,14.7675,0.024023061814915942,0.5153049208521601,28.611170477091093
1376686600,83690,2018-01,10110.68,16,16,631.9175,5.6847765855635695,22.02690003781066,28.430361164733384
1437255155,3008F,2023-05,3174.39,207,26,122.09192307692307,0.42738295975199997,4.279681254655887,28.428411575000265
1467551762,99214,2020-05,36222.39,30,23,1574.8865217391303,65.76619579824255,53.20116577579123,28.366301826934798
1063952117,A9270,2018-04,21620.9,25,13,1663.146153846154,4.574307076353622,58.49981862932316,28.351743400763944
1699703827,99233,2023-09,100205.87,71,30,3340.1956666666665,115.25161189925247,113.78794917723539,28.341701191435146
1699769901,84703,2018-01,8309.19,15,15,553.946,6.082170708991115,19.360372801457462,28.298206594955925
1023418035,96372,2024-04,26974.3,30,18,1498.572222222222,18.4798245575949,52.33644373055019,28.28033951417791
1528323268,36415,2021-04,32955.26,41,29,1136.3882758620691,5.868861196004876,40.01839308735936,28.24999525088783
1477535326,87804,2019-03,9218.22,27,14,658.4442857142857,20.65296459944532,22.639979420919992,28.171020355500094
1447445135,D9430,2022-02,28529.16,26,26,1097.2753846153846,33.818597468034454,37.96665293075,28.010285475705807
1659521052,80061,2023-01,9156.0,19,19,481.89473684210526,10.071047690182501,16.88784897021203,27.93864926102539
1629078274,90471,2022-02,10097.82,20,18,560.99,11.04445762823494,19.7004476608834,27.91538303282925
1588659528,J0690,2020-05,53922.06,30,18,2995.67,9.838993306410043,107.08576979842603,27.882612342554935
1376686600,81003,2019-10,9112.14,17,17,536.0082352941176,3.182383318247051,19.15561343030946,27.815650692386242
1609850320,86803,2022-02,19650.43,30,30,655.0143333333333,11.757473664763657,23.151698984014097,27.78443431355638
1467486449,3008F,2018-10,9769.68,210,82,119.14243902439024,0.42738295975199997,4.279681254655887,27.7392284613457
1649299827,81002,2020-06,9585.67,34,30,319.52233333333334,2.858283306045902,11.45748535382212,27.638180652061752
1912948308,81025,2020-06,11321.27,20,14,808.6621428571428,7.131034884483336,29.02711898670565,27.61318160234086
1457449282,85018,2020-04,61693.09,162,35,1762.6597142857142,7.4371242315056385,63.6210474394887,27.588709408213333
1699769901,83690,2018-08,7957.17,14,13,612.09,5.6847765855635695,22.02690003781066,27.530211803454005
1225255375,99223,2023-09,239381.06,144,143,1673.9934265734266,88.88537902356872,57.641037941984,27.499644422525446
1881028108,1000F,2021-03,454.35,29,22,20.652272727272727,0.055306594113860734,0.749597066385524,27.477383592861706
1780874214,85018,2020-02,28076.04,75,16,1754.7525,7.4371242315056385,63.6210474394887,27.464423270151322
1881730802,D1206,2018-04,29949.92,53,51,587.2533333333333,19.06332537451484,20.740227395692365,27.395553439150262
1063567691,80076,2024-09,59360.0,70,63,942.2222222222222,7.996830458325813,34.1497884146841,27.356696340823824
1629078274,90471,2021-11,7692.3,17,14,549.45,11.04445762823494,19.7004476608834,27.329609541858613
1295789907,J2270,2021-03,17797.6,35,30,593.2533333333333,4.112639150898722,21.664860610296138,27.19337570547063
1376513754,J1885,2023-04,44056.78,113,107,411.7456074766355,2.7300812900261757,15.046012409080117,27.184314027268286
1447477815,87880,2024-04,7537.12,17,16,471.07,11.55900607739369,16.90586577301315,27.180565615049666
1699703827,99215,2024-08,55933.24,46,17,3290.190588235294,102.62882663125534,117.5313519727367,27.120948649884035
1164488300,1036F,2022-02,381.75,12,12,31.8125,0.06499863139828786,1.1720128312517781,27.088015183838497
1447477815,87880,2020-06,6570.62,14,14,469.33,11.55900607739369,16.90586577301315,27.07764275837009
1437122009,J3301,2020-07,3614.42,53,16,225.90125,4.174700169594971,8.192549873950835,27.06441257506535
1952390239,J2704,2019-04,205879.83,518,290,709.930448275862,4.904536099235934,26.08951854406617,27.02333931482143
1699703827,99309,2024-04,16504.11,17,12,1375.3425,30.956392088457363,49.781244702517796,27.005875725794123
1932114600,81003,2021-07,14544.0,28,28,519.4285714285714,3.182383318247051,19.15561343030946,26.95012561140332
1093761710,92551,2019-11,20356.7,45,45,452.37111111111113,7.503076813733603,16.519821090847433,26.929349407049582
1770782831,D0220,2021-07,13736.0,26,24,572.3333333333334,11.256885398376493,20.885311762273968,26.864643167474917
1447502885,99213,2019-10,21108.31,14,14,1507.7364285714286,50.30623114884409,54.256440587309854,26.861883707193755
1467551762,36415,2020-03,17292.38,21,16,1080.77375,5.868861196004876,40.01839308735936,26.860271137261787
1932114600,90471,2021-12,12928.0,24,24,538.6666666666666,11.04445762823494,19.7004476608834,26.782244653559935
1891765178,93000,2024-02,13176.97,47,46,286.45586956521737,11.720507427672727,10.308663138594083,26.650920535852688
1578504056,88305,2019-10,22624.65,17,15,1508.3100000000002,51.600314820211935,54.83973209998477,26.563034307386648
1891765178,93000,2023-05,4260.28,16,15,284.01866666666666,11.720507427672727,10.308663138594083,26.414497746031746
1780186130,99072,2020-11,5692.5,209,20,284.625,1.7714549145525968,10.780035470071947,26.238646975765434
1811039225,D0120,2024-07,10418.0,12,12,868.1666666666666,29.913081305058046,31.961444373644657,26.227024522484683
1225618481,D0220,2024-01,10600.0,20,19,557.8947368421053,11.256885398376493,20.885311762273968,26.173315374259538
1720202187,D0220,2020-04,7810.0,14,14,557.8571428571429,11.256885398376493,20.885311762273968,26.171515353968225
1396750923,E0601,2019-09,15827.96,19,12,1318.9966666666667,46.14564070726999,48.63547738828172,26.17124564847139
1881730802,D1120,2018-12,9739.8,18,17,572.9294117647058,33.92458180910534,20.653516301250104,26.097484907350907
1306909197,90833,2023-07,51151.4,463,43,1189.5674418604651,52.31191754834472,43.584558023505195,26.093083786665847
1891765178,99285,2023-11,43073.83,12,12,3589.4858333333336,130.82589508054093,132.74715530226342,26.054493826082165
1013332014,83615,2023-02,5166.23,20,17,303.89588235294116,4.8017140382009185,11.496001473814628,26.01723468773131
1720202187,D0220,2020-06,29351.2,53,53,553.7962264150943,11.256885398376493,20.885311762273968,25.977076482848094
1033434808,G9637,2022-02,942.39,17,16,58.899375,0.20300434969430164,2.260572141238372,25.96527205637022
1467486449,3008F,2021-02,3790.92,79,34,111.49764705882353,0.42738295975199997,4.279681254655887,25.952929082799717
1386643294,J1170,2018-10,16416.68,16,13,1262.8215384615385,6.324332910928267,48.42024657431685,25.94983079282962
1689031528,99205,2019-04,100000.0,21,16,6250.0,150.55402175049227,235.30401790662103,25.921554729550074
1366515488,87502,2019-04,16478.39,12,12,1373.1991666666665,65.47195363592613,50.59357750006201,25.847692091533506
1518220847,36415,2020-01,16618.55,63,16,1038.659375,5.868861196004876,40.01839308735936,25.80789567310796
1457610594,3080F,2019-11,4388.99,31,24,182.87458333333333,0.48800533560572756,7.076459672851937,25.773704144380808
1356433049,D1206,2022-10,7192.25,13,13,553.25,19.06332537451484,20.740227395692365,25.756066432349378
1629130240,98941,2022-10,23680.0,41,20,1184.0,47.07020918046067,44.23011179475109,25.70488168999975
1174666358,D1110,2024-07,15634.26,23,23,679.7504347826087,46.385688501803955,24.650015750649377,25.694293776024036
1093740128,84702,2019-10,8433.94,13,13,648.7646153846155,11.845527101676847,24.802485192506843,25.679647960251994
1699811612,D1120,2020-11,6761.0,14,12,563.4166666666666,33.92458180910534,20.653516301250104,25.63689771438641
1356671762,J1200,2020-12,16784.11,27,17,987.3005882352942,4.159863345702254,38.35532691247963,25.632442845108653
1083142376,G8427,2021-03,4273.01,60,56,76.30375000000001,0.25908110011166446,2.9669407004121076,25.63066693221262
1013932557,S0302,2020-12,21243.43,17,16,1327.714375,20.930273166721058,51.04851303919056,25.598867117442676
1356409213,D0120,2023-12,11867.0,14,14,847.6428571428571,29.913081305058046,31.961444373644657,25.584881780627455
1720202187,D0220,2019-08,10912.0,20,20,545.6,11.256885398376493,20.885311762273968,25.584636738189865
1629283445,D0120,2023-06,11853.12,14,14,846.6514285714286,29.913081305058046,31.961444373644657,25.5538622634918
1447477815,87880,2018-08,5751.07,13,13,442.39,11.55900607739369,16.90586577301315,25.48411301184836
1184638645,3044F,2018-04,600.0,12,12,50.0,0.2401787879711131,1.9604631572365834,25.381666076382178
1487649430,83605,2024-05,8092.26,18,16,505.76625,7.577625787127506,19.66336312525522,25.335880797166855
1124470778,93010,2018-05,3812.54,27,23,165.76260869565218,6.58740216837122,6.302016133916007,25.257822757805467
1457344558,80061,2023-04,6542.41,15,15,436.16066666666666,10.071047690182501,16.88784897021203,25.230544146152113
1891807640,85014,2020-03,27796.52,123,25,1111.8608,4.597781331432243,43.9340684453793,25.202833651637885
1063567691,73630,2022-12,11340.0,34,15,756.0,19.21984185887836,29.37984217381376,25.077743909659716
1578569240,G8420,2024-03,2359.65,15,14,168.54642857142858,0.5115662130818536,6.700980897067636,25.076158989183085
1437426780,G8754,2018-09,897.47,31,24,37.39458333333334,0.10124382734423647,1.489243172123795,25.0418066062411
1619089471,83735,2018-07,7684.29,13,12,640.3575,6.645022797985962,25.331395421119222,25.01687990996647
1124099858,80061,2024-04,12959.16,30,30,431.972,10.071047690182501,16.88784897021203,24.98251571612204
1902182637,J0696,2023-03,23067.83,100,21,1098.4680952380954,7.682108454757187,43.671220290373526,24.977227096715247
1265404958,99285,2019-08,41169.9,17,12,3430.8250000000003,130.82589508054093,132.74715530226342,24.859283028742933
1710923677,J0887,2019-01,184309.9,22,14,13164.992857142857,146.80512337660468,526.1371845021775,24.74295320161385
1457346413,J2405,2019-08,11611.43,34,19,611.1278947368421,3.6449432707668614,24.618593635477804,24.675778009944192
1427063270,36415,2019-10,14868.96,383,15,991.2639999999999,5.868861196004876,40.01839308735936,24.623555889735428
1699703827,99233,2024-02,58328.79,39,20,2916.4395,115.25161189925247,113.78794917723539,24.617614680247332
1750845863,96160,2024-08,5400.0,18,18,300.0,4.132348226753249,12.070394435805666,24.51184618255587
1346266848,1160F,2018-01,3459.16,92,72,48.04388888888889,0.09977781972253535,1.9615023450633853,24.442545883174592
1033490149,3074F,2018-07,3492.69,61,54,64.67944444444444,0.2786769239714066,2.6383499327885356,24.40948667199969
1720202187,D1206,2018-03,14703.52,37,28,525.1257142857143,19.06332537451484,20.740227395692365,24.400040523003423
1790865780,D0220,2021-03,11937.0,28,23,519.0,11.256885398376493,20.885311762273968,24.311014380871327
1366515488,G0463,2018-01,27187.5,23,19,1430.921052631579,72.55008809651156,55.95371775715885,24.276688287817553
1013514199,96361,2023-03,53573.61,24,12,4464.4675,129.17050944257156,178.6378830797656,24.268631691194113
1508278359,G8484,2021-12,9.0,15,15,0.6,0.0011664772009599596,0.024714026084173904,24.23051269588626
1265892012,82043,2024-10,11504.0,19,18,639.1111111111111,5.486753935869792,26.151770450582347,24.228736573402117
1851361778,J7040,2023-08,51466.92,33,18,2859.273333333333,9.378184074343158,117.91041193453952,24.170004179454228
1376686600,81025,2019-10,12736.46,19,18,707.5811111111111,7.131034884483336,29.02711898670565,24.130885209359985
1386619450,82550,2018-06,7494.0,25,22,340.6363636363636,4.754176862328906,13.928148497116085,24.115350783600658
1508809765,D1110,2022-05,9600.0,15,15,640.0,46.385688501803955,24.650015750649377,24.08170110327649
1487724712,80305,2023-07,7649.26,110,21,364.2504761904762,10.292090392842216,14.714447218985825,24.055160246925684
1437168440,82607,2020-05,4878.2,16,14,348.4428571428571,10.074122032365528,14.08450513108527,24.024183452757125
1760590962,36415,2020-11,27063.79,38,28,966.5639285714286,5.868861196004876,40.01839308735936,24.006337917623167
1063567691,80076,2023-12,40514.0,61,49,826.8163265306123,7.996830458325813,34.1497884146841,23.977293391375785
1306954631,90633,2024-09,2338.18,68,12,194.84833333333333,3.687540823328334,8.0686325450754,23.69184511031895
1750498010,70450,2024-11,34866.02,18,18,1937.001111111111,55.8579413581623,79.54973721949544,23.64738383185925
1558094458,99214,2022-11,39652.62,114,30,1321.7540000000001,65.76619579824255,53.20116577579123,23.608275982051598
1770554305,81003,2019-05,8148.27,18,18,452.6816666666667,3.182383318247051,19.15561343030946,23.46566895305936
1417099789,99308,2024-03,13099.5,19,17,770.5588235294117,21.315680908278935,31.958187364105036,23.444481818849074
1467595793,J3490,2018-12,139916.68,67,21,6662.699047619048,40.5873708679278,282.5157455583551,23.4397968285392
1508935891,87880,2018-03,10189.91,25,25,407.5964,11.55900607739369,16.90586577301315,23.42603444508599
1366515488,85025,2018-05,39207.28,28,28,1400.26,9.50089125198956,59.44260862594832,23.396670181478314
1700831724,87086,2019-09,20121.7,41,33,609.7484848484848,8.476267010832352,25.728201563060196,23.370161197001103
1699703827,99222,2023-11,157755.95,96,89,1772.538764044944,69.88112734806153,72.88076270703851,23.36223680233861
1376597427,99203,2020-05,60009.28,662,57,1052.7943859649122,69.81799300673146,42.13652955523826,23.328366226021586
1881730802,D1206,2018-02,6530.0,13,13,502.3076923076923,19.06332537451484,20.740227395692365,23.29985866179774
1003010042,D1208,2024-10,4240.0,17,16,265.0,15.756722309950415,10.702457309486533,23.288415966782065
1134271661,99285,2022-06,856927.18,298,266,3221.5307518796994,130.82589508054093,132.74715530226342,23.282644737370582
1659080620,G8510,2023-12,5439.22,67,31,175.45870967741936,2.289383183390728,7.441912281683634,23.269466225803374
1265419907,J7050,2018-05,64666.02,53,21,3079.3342857142857,19.371290482783113,131.53166160104306,23.26407921852967
1629078274,D1120,2022-05,6170.89,12,12,514.2408333333334,33.92458180910534,20.653516301250104,23.255906864399442
1891765178,99285,2024-02,54678.39,17,17,3216.375882352941,130.82589508054093,132.74715530226342,23.24381249637061
1831468610,97530,2020-03,62616.89,227,13,4816.683846153846,172.845441782001,199.82176353002575,23.239903013237342
1285719401,A7031,2019-08,8113.99,141,14,579.5707142857143,30.864098474455943,23.69491441317721,23.15714698281889
1558430843,1125F,2024-10,2422.41,88,79,30.663417721518986,0.08519050121121682,1.321626578506444,23.136813164626194
1124029400,85730,2018-03,4384.04,15,13,337.2338461538462,4.364874812640528,14.397274328673562,23.120277056766565
1316040249,D0150,2024-02,8628.0,13,13,663.6923076923077,39.65225914001669,26.99474462700652,23.117093981618144
1073743746,1170F,2019-10,171.14,13,13,13.164615384615384,0.04108183984250689,0.5677744287275059,23.113991896720844
1013332014,J1100,2018-09,17171.2,23,15,1144.7466666666667,4.360215666267232,49.34122421062274,23.112244765805464
1316995210,86592,2023-05,6896.0,37,34,202.8235294117647,3.9352672989136837,8.612391579013142,23.09326744936983
1659583383,92012,2024-05,11660.0,12,12,971.6666666666666,45.391526677319824,40.128076007946056,23.08296913627078
1871955617,G9903,2021-02,1101.06,21,19,57.95052631578947,0.17049711201852086,2.503521685569224,23.07950018441064
1215989611,96160,2023-03,3671.6,17,13,282.4307692307692,4.132348226753249,12.070394435805666,23.056282251926284
1891849725,99212,2021-08,40407.64,17,17,2376.92,47.36022174812074,101.69042168649555,22.908350065001688
1508313719,93010,2018-10,2412.74,17,16,150.79625,6.58740216837122,6.302016133916007,22.882970269709368
1770662348,U0002,2021-08,33436.35,116,28,1194.1553571428572,36.61142730882226,50.58847074180503,22.881575838533305
1700277928,82947,2018-05,5449.73,16,13,419.21,4.6423446796185,18.119486885906788,22.879657571475125
1679525919,96160,2022-11,4200.75,27,15,280.05,4.132348226753249,12.070394435805666,22.85904186815665
1366515488,82570,2018-09,4273.59,13,13,328.7376923076923,4.77847598367758,14.172223469094817,22.858743162670866
1881730802,D1206,2019-06,21698.5,45,44,493.14772727272725,19.06332537451484,20.740227395692365,22.85820655933007
1588656870,J2930,2020-04,36349.38,24,18,2019.4099999999999,9.255473530195081,88.2556421625037,22.776498784843007
1972700094,D0120,2024-09,9845.0,14,13,757.3076923076923,29.913081305058046,31.961444373644657,22.75850247876915
1477535326,80053,2018-01,16268.36,13,13,1251.4123076923076,14.346578466879235,54.45365227484871,22.717773327333084
1730128760,99053,2018-01,2711.2,23,23,117.87826086956521,1.185701997437105,5.140709130384143,22.6997007440894
1194757369,90471,2020-08,10538.0,23,23,458.17391304347825,11.04445762823494,19.7004476608834,22.69641091979091
1699703827,99214,2023-08,16530.48,18,13,1271.5753846153846,65.76619579824255,53.20116577579123,22.665089594067428
1235148594,90686,2022-12,5424.35,25,24,226.01458333333335,6.0173512952468835,9.724724073798265,22.622465210178486
1134120462,A7003,2019-10,37038.45,211,140,264.56035714285713,2.7340292897331215,11.57385804665996,22.622216964954315
1194838821,81000,2018-08,1953.2,20,19,102.8,2.761915356245057,4.423741728105835,22.613907138423613
1447477815,90471,2020-10,15487.89,35,34,455.5261764705882,11.04445762823494,19.7004476608834,22.562011102158987
1649324278,2010F,2019-01,273.41,18,17,16.08294117647059,0.04851091368051189,0.7109275846331949,22.554238447595317
1225085871,85027,2019-08,8713.4,19,16,544.5875,6.495562797379892,23.858308890299732,22.553649534707656
1467475376,97530,2020-05,107528.95,864,23,4675.171739130435,172.845441782001,199.82176353002575,22.531711350209868
1477559433,83735,2018-07,18457.51,47,32,576.7971875,6.645022797985962,25.331395421119222,22.507728264613025
1760590962,36415,2021-05,15411.84,21,17,906.5788235294118,5.868861196004876,40.01839308735936,22.50739954418397
1588659528,73110,2020-08,12566.75,24,15,837.7833333333333,21.408903685892433,36.330403899364455,22.470832746831146
1013924372,36415,2022-04,14474.54,183,16,904.65875,5.868861196004876,40.01839308735936,22.459419768353882
1699703827,99222,2023-08,25582.8,15,15,1705.52,69.88112734806153,72.88076270703851,22.44266953169489
1679279046,80048,2024-10,10066.0,14,14,719.0,10.811951879837736,31.62681714729883,22.39201133714611
1588376297,T1016,2023-04,525014.52,1388,62,8467.976129032259,171.74399500306842,370.87168315606465,22.369548581950095
1366446080,97530,2020-02,366114.0,2587,79,4634.354430379747,172.845441782001,199.82176353002575,22.32744276589946
1306870910,80307,2023-10,20202.69,35,13,1554.0530769230768,50.17009751054971,67.36065421849007,22.325836897820995
1407897309,84439,2023-06,9139.2,19,17,537.6,8.596994819655384,23.698488672764512,22.32222537415651
1215938444,97112,2020-03,111253.87,401,21,5297.803333333333,82.55314493281476,233.74630333827673,22.311583601187603
1679510598,1160F,2020-12,700.0,16,16,43.75,0.09977781972253535,1.9615023450633853,22.253464182764933
1619125788,80061,2019-05,8097.1,21,21,385.5761904761905,10.071047690182501,16.88784897021203,22.235226253405642
1811991151,90688,2021-10,19775.18,44,44,449.4359090909091,8.388004273907097,19.836809242832718,22.23381287877021
1356433049,D1120,2019-12,9860.94,21,20,493.047,33.92458180910534,20.653516301250104,22.229745845413508
1831270842,C9803,2021-07,53328.0,74,67,795.9402985074627,24.98722867905111,34.69410403966838,22.221443417213568
1932114600,92014,2024-10,20140.0,19,19,1060.0,57.753204069304296,45.126699333124016,22.20961893384088
1508935891,87880,2018-01,6191.62,16,16,386.97625,11.55900607739369,16.90586577301315,22.206330569705884
1740230119,74019,2023-02,14526.01,13,13,1117.3853846153847,17.8499586854032,49.54898908107446,22.1908750576297
1770662348,D0120,2024-06,28041.0,40,38,737.921052631579,29.913081305058046,31.961444373644657,22.15193916299799
1811006661,87880,2020-01,6562.27,17,17,386.0158823529412,11.55900607739369,16.90586577301315,22.149523798615117
1588659528,82746,2024-04,8265.82,14,14,590.4157142857142,9.832381696442969,26.226971682074996,22.13688029358246
1245786367,87070,2023-07,11082.95,16,14,791.6392857142857,11.333166855271616,35.29507289144227,22.10807500692849
1699703827,99222,2023-12,114269.84,68,68,1680.4388235294118,69.88112734806153,72.88076270703851,22.098529658030177
1346266848,3074F,2019-11,4974.2,88,85,58.519999999999996,0.2786769239714066,2.6383499327885356,22.0749046031479
1689778953,96127,2022-01,5355.48,13,13,411.96,7.012518438379942,18.393713587268763,22.015536973561723
1285733790,84484,2018-07,12080.95,35,25,483.23800000000006,9.8039697576717,21.52964376506334,21.989868267610674
1114473220,96156,2024-09,54110.0,374,27,2004.0740740740741,29.934001547603255,89.9932842605473,21.936526583594485
1437426780,G8752,2018-05,275.99,17,15,18.399333333333335,0.0705089571634007,0.8362478986697173,21.917931758425915
1043554348,90785,2018-01,6353.25,17,15,423.55,16.76822441059117,18.56316267522123,21.913387427908265
1811006661,87880,2018-02,5722.36,16,15,381.49066666666664,11.55900607739369,16.90586577301315,21.88185246210787
1942693213,D0220,2022-05,12160.0,27,26,467.6923076923077,11.256885398376493,20.885311762273968,21.854374379912777
1366515488,87400,2018-02,28002.62,54,27,1037.134074074074,18.709756839737754,46.60167923709737,21.853811577322247
1770697278,1034F,2018-04,649.22,14,13,49.940000000000005,0.1821215725178838,2.2774629983738026,21.84794153099795
1437368891,87624,2023-06,42161.75,72,71,593.8274647887324,25.76504932337886,26.00517772336014,21.84420431609163
1700112745,87804,2019-02,8723.36,19,17,513.1388235294118,20.65296459944532,22.639979420919992,21.75292873609661
1558653741,2000F,2023-01,275.0,22,22,12.5,0.03520291415812244,0.5732391159789341,21.744498479583775
1700979465,J7120,2020-04,18167.81,60,32,567.7440625,6.401769974467448,25.852656320892326,21.71313792895992
1437368891,86900,2024-04,65880.0,114,109,604.4036697247707,9.05226451709399,27.464607324252146,21.677040497206086
1073607784,93010,2019-04,2284.43,19,16,142.776875,6.58740216837122,6.302016133916007,21.61046083311152
1417645359,A0425,2023-08,146172.07,184,68,2149.5892647058827,58.07925571550823,96.86533446272988,21.591935036316926
1912995127,T4535,2019-10,8284.86,13,13,637.2969230769231,45.851862264586856,27.413131872809185,21.575245891513212
1891765178,99285,2023-10,80840.83,27,27,2994.1048148148147,130.82589508054093,132.74715530226342,21.569418291598243
1407486905,1036F,2022-05,733.53,29,29,25.29413793103448,0.06499863139828786,1.1720128312517781,21.526333694393088
1972757904,92508,2023-03,22956.29,191,24,956.5120833333334,49.663507935027276,42.16178052798215,21.508782694707214
1932117173,87880,2018-01,4869.91,13,13,374.60846153846154,11.55900607739369,16.90586577301315,21.47476268506781
1295706588,3017F,2022-10,125.0,14,13,9.615384615384615,0.03253078570552255,0.4465041657175494,21.461958399154184
1831270842,81003,2020-09,4970.0,14,12,414.1666666666667,3.182383318247051,19.15561343030946,21.455031176298913
1043224355,36415,2021-05,13797.12,366,16,862.32,5.868861196004876,40.01839308735936,21.401437507357663
1528263910,99214,2023-10,22862.51,19,19,1203.29,65.76619579824255,53.20116577579123,21.38155785900802
1699703827,99214,2024-04,69770.36,81,58,1202.9372413793103,65.76619579824255,53.20116577579123,21.37492720316532
1578526695,88342,2023-03,29026.93,35,35,829.3408571428572,33.34757661764269,37.29290517799276,21.344362331818143
1013332014,J1100,2020-10,19032.82,24,18,1057.378888888889,4.360215666267232,49.34122421062274,21.341559518823527
1063470763,85027,2020-02,15911.56,36,31,513.276129032258,6.495562797379892,23.858308890299732,21.241261003244205
1821201278,99391,2024-02,13780.0,13,13,1060.0,75.2206609282845,46.643764745807026,21.112775618315432
1881796167,G0008,2020-09,3140.8,17,13,241.60000000000002,4.017610398682623,11.262070232287781,21.0958007454243
1063901205,3725F,2023-04,110.0,14,14,7.857142857142857,0.031384431493711604,0.371048440747096,21.090934676594227
1225085871,85027,2019-04,6612.37,13,13,508.64384615384614,6.495562797379892,23.858308890299732,21.047102947042017
1598736159,85730,2019-06,5827.72,21,19,306.7221052631579,4.364874812640528,14.397274328673562,21.00100501998102
1619341716,90686,2021-11,13034.26,213,62,210.23,6.0173512952468835,9.724724073798265,20.999325755161717
1093761710,D0220,2024-11,7190.0,17,16,449.375,11.256885398376493,20.885311762273968,20.977331800859922
1073518007,J3010,2018-06,148657.02,309,242,614.2852066115702,4.252479627750796,29.17023217425524,20.912851270419978
1689794364,99213,2024-01,20140.0,20,17,1184.7058823529412,50.30623114884409,54.256440587309854,20.908110427528197
1194368167,D1351,2024-04,18905.58,16,15,1260.372,97.34359533652916,55.650070218519325,20.898956642761544
1972541498,36415,2023-12,25231.42,30,30,841.0473333333333,5.868861196004876,40.01839308735936,20.869865272055037
1992727663,36415,2018-04,15111.27,19,18,839.515,5.868861196004876,40.01839308735936,20.831574545838514
1538292768,99199,2023-04,2989910.0,357,355,8422.281690140846,59.30798153189486,401.9816538051061,20.80436664073131
1366515488,83655,2018-06,5544.15,15,15,369.60999999999996,11.151853072418444,17.234156148020134,20.79928624580562
1013985399,81025,2022-06,11597.41,20,19,610.39,7.131034884483336,29.02711898670565,20.782598693029364
1114105384,G8482,2019-10,424.48,35,30,14.149333333333335,0.03880880276351978,0.6810525409865963,20.718701834852304
1558313213,J3010,2018-12,18863.82,36,31,608.5103225806452,4.252479627750796,29.17023217425524,20.71487944776093
1992727663,92567,2020-02,13936.34,34,32,435.510625,16.45670263778088,20.231100546361024,20.713352761107924
1063728848,D0120,2024-10,8970.0,13,13,690.0,29.913081305058046,31.961444373644657,20.652599769215946
1578575379,A4554,2019-11,11158.5,97,19,587.2894736842105,42.75394524909471,26.485677940414135,20.559622059143763
1699703827,99214,2024-09,15063.68,34,13,1158.7446153846154,65.76619579824255,53.20116577579123,20.544256947161184
1932193224,D1999,2018-01,3312.3,15,13,254.7923076923077,9.274492272412813,11.95816801167931,20.531390358464808
1578539979,1036F,2023-10,529.92,23,22,24.087272727272726,0.06499863139828786,1.1720128312517781,20.496596500754386
1356446686,87491,2022-08,7473.21,14,14,533.8007142857143,25.42053927180227,24.83092926455669,20.473666917474834
1548286172,84550,2024-08,1692.18,15,14,120.87,3.031392967811978,5.757710728137623,20.466225657415727
1922155217,1220F,2018-01,618.3,34,31,19.94516129032258,0.05896391418460732,0.9719784233682517,20.459504962286317
1467486449,3008F,2021-06,10289.64,261,117,87.94564102564102,0.42738295975199997,4.279681254655887,20.44971409276742
1306954631,D0603,2022-07,1750.51,59,14,125.03642857142857,3.2626529332976046,5.9661951256848145,20.41062571250609
1386643294,96376,2018-11,27493.83,50,29,948.0631034482759,14.789065390500642,45.90819463970137,20.329138302700333
1821201278,99214,2022-03,37812.69,52,33,1145.839090909091,65.76619579824255,53.20116577579123,20.301677216297527
1487813382,97530,2018-11,67431.69,303,16,4214.480625,172.845441782001,199.82176353002575,20.22620114955943
1588656870,J2060,2018-06,8483.73,48,34,249.52147058823527,2.798206189714291,12.202617503388057,20.21888044348012
1255651378,G8427,2019-11,3071.1,53,51,60.21764705882353,0.25908110011166446,2.9669407004121076,20.208885856863816
1992727663,97110,2019-08,39331.8,27,12,3277.65,121.47357371800129,156.17934603694567,20.2086671917257
1639137979,3078F,2023-10,475.0,19,16,29.6875,0.21091335072187548,1.4597427234017943,20.193001257499464
1316900327,81003,2021-10,4671.0,13,12,389.25,3.182383318247051,19.15561343030946,20.154281045935473
1588691828,D0602,2024-09,1787.76,76,13,137.52,3.1469476418508164,6.6773278899769295,20.123776242866732
1134137375,3074F,2024-09,1227.51,100,23,53.37,0.2786769239714066,2.6383499327885356,20.122926991687983
1013514199,99213,2021-06,17131.02,17,15,1142.068,50.30623114884409,54.256440587309854,20.122251976597784
1295765261,93971,2018-10,34743.57,19,18,1930.1983333333333,55.64734501255936,93.16464765323711,20.120840206447564
1497875579,99213,2024-06,14840.0,15,13,1141.5384615384614,50.30623114884409,54.256440587309854,20.112492057668224
1467595793,84484,2020-01,8853.99,22,20,442.6995,9.8039697576717,21.52964376506334,20.106952765507344
1063426377,Q9967,2023-08,23495.25,185,12,1957.9375,20.00014292975123,96.39242488199676,20.104664442695203
1699769901,87804,2018-12,6184.8,15,13,475.75384615384615,20.65296459944532,22.639979420919992,20.101647315715955
1770782831,D0220,2023-09,5172.0,12,12,431.0,11.256885398376493,20.885311762273968,20.097526882975405
1891818522,D0140,2022-10,19845.0,24,24,826.875,32.475851960926164,39.52804746161924,20.0971006425353
1487699047,J1642,2022-09,59205.65,178,15,3947.0433333333335,21.492024176360793,195.58218863312777,20.07110839996021
1891248936,73630,2024-11,7909.0,14,13,608.3846153846154,19.21984185887836,29.37984217381376,20.053367545005376
1366515488,83655,2019-05,4636.43,13,13,356.64846153846156,11.151853072418444,17.234156148020134,20.047201934266674
1437122009,J3301,2020-08,3533.78,64,21,168.2752380952381,4.174700169594971,8.192549873950835,20.030459435763692
1245356674,98941,2023-04,33484.8,56,36,930.1333333333334,47.07020918046067,44.23011179475109,19.965202173820153
1255335857,97140,2021-07,20711.54,209,18,1150.641111111111,56.13927730948677,54.86776003744515,19.947995563417727
1174027296,99213,2023-09,18102.0,24,16,1131.375,50.30623114884409,54.256440587309854,19.925169383559034
1144378381,S5161,2022-10,50263.71,21,21,2393.5099999999998,37.006681270801664,118.47581068174846,19.890164120161828
1285733790,84484,2018-08,9624.67,28,22,437.485,9.8039697576717,21.52964376506334,19.86475182354556
1063567691,90471,2021-08,115366.4,294,287,401.97351916376306,11.04445762823494,19.7004476608834,19.843663873270494
1457332652,G9744,2020-01,1348.19,26,23,58.616956521739134,0.2060967112174016,2.950246255720284,19.798638739823126
1467595793,81003,2018-09,7635.03,21,20,381.75149999999996,3.182383318247051,19.15561343030946,19.762829212389107
1427098169,87807,2018-01,6108.53,18,18,339.36277777777775,10.470953267248314,16.64278232919656,19.761829362723322
1891765178,99285,2023-05,35797.44,14,13,2753.649230769231,130.82589508054093,132.74715530226342,19.75803797615518
1366519431,98941,2024-11,49611.0,136,54,918.7222222222222,47.07020918046067,44.23011179475109,19.707208000889633
1215951751,93000,2022-04,2575.56,13,12,214.63,11.720507427672727,10.308663138594083,19.683395397087395
1649330242,99212,2022-08,30720.0,48,15,2048.0,47.36022174812074,101.69042168649555,19.673827141947662
1972912228,99309,2024-08,27257.31,476,27,1009.5300000000001,30.956392088457363,49.781244702517796,19.657475697108257
1447233788,84156,2020-08,12428.5,60,50,248.57,3.5204198773531297,12.489631337329225,19.620241262865658
1013042480,3725F,2023-10,475.0,84,65,7.3076923076923075,0.031384431493711604,0.371048440747096,19.610129236894103
1881730802,D1206,2019-02,6812.0,17,16,425.75,19.06332537451484,20.740227395692365,19.608592850334507
1285904342,90648,2020-05,2938.2,20,20,146.91,3.8429925719112568,7.329000784610145,19.520670229495547
1346266848,1111F,2019-10,2340.8,106,102,22.949019607843137,0.17281761877082827,1.1670065974680555,19.516772260317715
1265892012,82306,2019-07,18200.0,41,41,443.9024390243902,19.99901688957276,21.73273578055877,19.505294980580604
1407897309,D0150,2022-10,7357.86,15,13,565.9892307692307,39.65225914001669,26.99474462700652,19.49775702277426
1447284898,85025,2019-03,17512.91,18,15,1167.5273333333332,9.50089125198956,59.44260862594832,19.48142029513546
1528323268,85025,2019-06,20939.55,36,18,1163.3083333333334,9.50089125198956,59.44260862594832,19.410444271412334
1891765178,99285,2022-12,59557.66,22,22,2707.1663636363637,130.82589508054093,132.74715530226342,19.407877047832258
1912995127,T4527,2023-11,25628.98,26,21,1220.427619047619,109.20394515521214,57.29060619801361,19.396263150920113
1033115415,00731,2020-02,42391.0,20,20,2119.55,78.98809158143615,105.21184026651075,19.39479343056488
1528190931,86780,2020-07,4293.24,18,18,238.51333333333332,11.748135785890728,11.711646155461226,19.362367555964823
1114924834,90853,2024-06,131326.32,377,26,5051.012307692308,118.50132237159715,255.42084892197053,19.31130918301647
1790014082,G8427,2022-04,805.76,14,14,57.55428571428571,0.25908110011166446,2.9669407004121076,19.3112065253666
1902872591,11721,2023-06,4923.77,15,15,328.2513333333334,12.001123478158183,16.38591702136947,19.30012274825643
1902869472,99282,2019-07,23747.69,265,14,1696.2635714285714,92.55725300709354,83.1064477495811,19.297014393562037
1669425963,82962,2018-05,13825.72,96,43,321.5283720930232,3.7806097881840595,16.495144127157094,19.263109182641763
1437368891,86900,2023-08,59697.0,115,111,537.8108108108108,9.05226451709399,27.464607324252146,19.252361413767808
1548286172,85652,2024-05,2495.68,24,24,103.98666666666666,2.4548366158377593,5.2754975272938145,19.245925057406282
1891818522,D1120,2023-12,8620.0,20,20,431.0,33.92458180910534,20.653516301250104,19.22556006440708
1285717298,3074F,2023-04,611.2,36,12,50.93333333333334,0.2786769239714066,2.6383499327885356,19.19936994704255
1194368167,D7140,2022-03,37615.0,13,13,2893.4615384615386,135.62299573883354,143.7238639617217,19.188452541584926
1124005061,70450,2020-03,60115.0,47,38,1581.9736842105262,55.8579413581623,79.54973721949544,19.18442217654938
1891849725,99215,2021-08,690265.23,295,293,2355.8540273037543,102.62882663125534,117.5313519727367,19.171269306892437
1831270842,80307,2024-05,20087.0,22,15,1339.1333333333334,50.17009751054971,67.36065421849007,19.135254114990044
1952476988,D1330,2024-03,3957.27,75,22,179.8759090909091,3.8449985413076364,9.19981781389892,19.134173535877757
1417099789,99214,2023-12,38960.02,36,36,1082.2227777777778,65.76619579824255,53.20116577579123,19.10590805967011
1962572396,87389,2018-02,6530.5,15,15,435.3666666666667,18.90801930165326,21.894593064374945,19.021072743418106
1114971660,74176,2019-05,40685.65,14,13,3129.665384615385,105.86113606547512,159.05748247614423,19.010763916770948
1750326880,J1885,2018-09,4615.8,16,16,288.4875,2.7300812900261757,15.046012409080117,18.9922360118168
1932184298,99214,2022-11,24713.77,28,23,1074.5117391304348,65.76619579824255,53.20116577579123,18.960966900300782
1992854855,3048F,2019-06,64.0,24,22,2.909090909090909,0.009778883076011321,0.15298332817311297,18.951816911278677
1891765178,99284,2023-10,28565.1,12,12,2380.4249999999997,115.42618741925443,119.51867660698232,18.951003114172895
1891765178,99284,2024-05,33309.2,14,14,2379.2285714285713,115.42618741925443,119.51867660698232,18.94099272412011
1891818522,D0120,2024-01,10795.44,17,17,635.0258823529412,29.913081305058046,31.961444373644657,18.932586211493554
1568768166,99394,2020-06,21386.26,285,20,1069.3129999999999,71.93992222057153,52.77479462679211,18.898663364444307
1588659528,84100,2024-04,100166.83,89,68,1473.041617647059,12.690954756424679,77.29694161577062,18.892735370433908
1457409674,J1200,2022-12,13110.21,39,18,728.3449999999999,4.159863345702254,38.35532691247963,18.880953310781724
1881793750,D7140,2022-05,48364.3,56,17,2844.958823529412,135.62299573883354,143.7238639617217,18.85098099305319
1144693607,1126F,2024-08,572.85,121,12,47.737500000000004,0.12074950068204841,2.5275217898111544,18.83930365754658
1699769901,81001,2018-01,9795.94,15,15,653.0626666666667,5.215718848354984,34.39447676171262,18.835784370456963
1467595793,85730,2018-10,4132.08,16,15,275.472,4.364874812640528,14.397274328673562,18.830447972184803
1750421921,T1013,2022-10,168740.63,388,31,5443.246129032258,64.54980160066205,285.7105747271099,18.825681662531878
1114189131,1036F,2023-01,420.09,22,19,22.11,0.06499863139828786,1.1720128312517781,18.809522200415127
1891765178,99284,2024-03,73154.02,32,31,2359.8070967741937,115.42618741925443,119.51867660698232,18.778495320319017
1417099789,90791,2024-10,29524.3,43,15,1968.2866666666666,115.14659365542192,98.78996819268679,18.75838313255403
1518962083,99497,2018-02,19840.82,578,24,826.7008333333333,22.059399873107264,42.92873449478332,18.743656036681113
1356746606,94010,2023-02,14669.7,15,15,977.98,26.47654425099085,50.81745680599264,18.723948728516522
1487649430,J3475,2020-01,6417.43,13,12,534.7858333333334,4.864007907187713,28.30806453176114,18.719818334156436
1437368891,86038,2019-10,6197.7,24,24,258.2375,9.200941158316382,13.306578823240585,18.715295805915883
1891818522,D0120,2019-05,15686.0,25,25,627.44,29.913081305058046,31.961444373644657,18.69524141992974
1881374650,99214,2024-04,19080.0,20,18,1060.0,65.76619579824255,53.20116577579123,18.688195826230857
1538378625,99214,2024-06,12720.0,12,12,1060.0,65.76619579824255,53.20116577579123,18.688195826230857
1295972677,D0220,2019-12,6820.0,19,17,401.1764705882353,11.256885398376493,20.885311762273968,18.669560197525385
1205372885,D1206,2018-02,7714.0,19,19,406.0,19.06332537451484,20.740227395692365,18.656337138610635
1932184298,87635,2021-11,26664.0,37,31,860.1290322580645,42.02597676587003,43.871033792620125,18.647909218629213
1770950396,3078F,2018-02,657.58,25,24,27.39916666666667,0.21091335072187548,1.4597427234017943,18.625373416888905
1609093723,99213,2024-05,31822.95,32,30,1060.765,50.30623114884409,54.256440587309854,18.623757067607826
1699703827,99214,2023-10,21122.28,23,20,1056.114,65.76619579824255,53.20116577579123,18.615152314057138
1538378625,99213,2024-05,14840.0,15,14,1060.0,50.30623114884409,54.256440587309854,18.609657359043844
1215913801,99213,2024-12,16960.0,18,16,1060.0,50.30623114884409,54.256440587309854,18.609657359043844
1649373887,D0272,2023-06,15119.28,75,73,207.11342465753427,16.27579710161885,10.25985407274647,18.600423183682757
1154467173,D0120,2020-08,9986.42,16,16,624.15125,29.913081305058046,31.961444373644657,18.59234400510853
1689794364,99213,2022-12,26460.0,28,25,1058.4,50.30623114884409,54.256440587309854,18.5801677725048
1487649430,82948,2020-04,14918.16,27,12,1243.18,11.072107618272492,66.46081574266974,18.538862013856974
1063567691,82950,2020-09,3550.0,20,20,177.5,5.130610115094832,9.2995348102093,18.535270140144323
1366496937,82565,2020-01,27738.46,44,31,894.7890322580645,9.518750500377116,47.80540085775845,18.518206434284398
1184779332,D0272,2020-02,4530.85,23,22,205.9477272727273,16.27579710161885,10.25985407274647,18.48680583819795
1720062524,82043,2018-06,8308.78,20,17,488.7517647058824,5.486753935869792,26.151770450582347,18.479246431258396
1447512660,99213,2024-01,18950.0,20,18,1052.7777777777778,50.30623114884409,54.256440587309854,18.476544642027324
1063567691,73630,2024-01,9540.0,36,17,561.1764705882352,19.21984185887836,29.37984217381376,18.446546632997322
1881730802,D1206,2019-04,13640.0,34,34,401.1764705882353,19.06332537451484,20.740227395692365,18.423768357191847
1932116589,D0140,2022-03,14453.78,19,19,760.7252631578948,32.475851960926164,39.52804746161924,18.42361204165424
1568416311,82465,2024-11,5012.94,16,16,313.30875,4.551126969758043,16.7764087359748,18.40427399507451
1144211301,D0150,2021-07,8046.94,16,15,536.4626666666667,39.65225914001669,26.99474462700652,18.403967675605383
1316995210,90471,2020-12,21264.5,63,57,373.06140350877195,11.04445762823494,19.7004476608834,18.376077138558973
1447649025,G8419,2019-05,186.03,16,15,12.402,0.051053327297680605,0.6724317517233127,18.367583983131713
1902872591,11721,2019-02,6880.06,22,22,312.73,12.001123478158183,16.38591702136947,18.35288657507849
1568401461,99053,2018-05,1145.24,12,12,95.43666666666667,1.185701997437105,5.140709130384143,18.33423410637252
1447261540,99222,2024-04,147449.88,108,105,1404.2845714285716,69.88112734806153,72.88076270703851,18.309405589571842
1922544329,99214,2024-02,13516.04,13,13,1039.6953846153847,65.76619579824255,53.20116577579123,18.30653848679987
1245248939,80053,2022-02,12130.82,128,12,1010.9016666666666,14.346578466879235,54.45365227484871,18.300977924672292
1740492644,93010,2018-02,3532.17,31,29,121.79896551724138,6.58740216837122,6.302016133916007,18.281699205565012
1427273705,85025,2022-05,53694.61,63,49,1095.808367346939,9.50089125198956,59.44260862594832,18.274895755849226
1821579046,99309,2022-10,18794.19,231,20,939.7094999999999,30.956392088457363,49.781244702517796,18.254929408496295
1043322894,85018,2020-02,16346.58,63,14,1167.6128571428571,7.4371242315056385,63.6210474394887,18.23572197573168
1316059165,90688,2019-09,4439.77,14,12,369.98083333333335,8.388004273907097,19.836809242832718,18.22837658178692
1801937008,99284,2021-05,45843.84,22,20,2292.192,115.42618741925443,119.51867660698232,18.212767028358964
1932184298,87635,2022-01,22680.0,30,27,840.0,42.02597676587003,43.871033792620125,18.189086380006007
1366515488,80048,2020-06,9961.45,21,17,585.9676470588236,10.811951879837736,31.62681714729883,18.185696413908932
1730253360,87426,2023-11,4524.82,13,13,348.0630769230769,29.065018107409752,17.579424164520454,18.14610398100995
1588656870,J1030,2022-09,7140.09,39,39,183.07923076923078,5.5966663617722325,9.781861913296558,18.144047215204008
1891765178,99285,2023-02,48205.41,19,19,2537.126842105263,130.82589508054093,132.74715530226342,18.12694924833311
1750510277,J3420,2021-05,1560.51,26,20,78.0255,1.7046893184296639,4.221769925818248,18.077918035000003
1104899442,86140,2018-05,7851.64,23,22,356.8927272727273,5.182131651208609,19.455743656621507,18.07746862977497
1548286172,80061,2023-07,4412.43,14,14,315.17357142857145,10.071047690182501,16.88784897021203,18.066393433322983
1376588046,83735,2019-10,9282.71,24,20,464.1355,6.645022797985962,25.331395421119222,18.060216170349474
1841343779,G8427,2018-10,2578.3,57,48,53.71458333333334,0.25908110011166446,2.9669407004121076,18.017044366878217
