BILLING_PROVIDER_NPI_NUM,CLAIM_FROM_MONTH,monthly_paid,monthly_claims,rolling_mean,rolling_std,spike_ratio,z_spike,flag_spike
043839555,2019-07-01,2550.0,243.0,405.0,106.06601717798213,6.296296296296297,20.22325394193526,True
060296500,2023-05-01,52359.65,3993.0,1292.6366666666665,811.0708330554943,40.50608446302261,62.962458088835355,True
060296500,2023-11-01,17200.829999999998,377.0,1998.2266666666667,1691.1589531836496,8.608047468755629,8.989458563143367,True
060296500,2024-09-01,7837.24,36.0,2362.8833333333328,435.0955442580944,3.316812086927695,12.581964441859078,True
1003000217,2022-06-01,3005.0,47.0,1027.3333333333333,455.16409154648125,2.9250486696950033,4.344953179296895,True
1003000217,2023-10-01,3364.04,85.0,718.8199999999998,67.32471462992402,4.679947692050862,39.290474746762186,True
1003000217,2024-04-01,5189.38,73.0,1361.4733333333331,469.48404885931393,3.811591364257349,8.15343285031126,True
1003000274,2019-12-01,3320.45,93.0,1274.0633333333333,304.267655581945,2.606189121943179,6.725613548218687,True
1003000274,2021-03-01,7316.83,142.0,1291.0,394.5187954964884,5.667567776917118,15.273873054430016,True
1003000969,2018-03-01,734.41,5282.0,1.25,1.7677669529663689,587.528,414.7379261557833,True
1003000969,2018-11-01,6316.27,149.0,64.82666666666667,49.69627786196186,97.43320649938298,125.7929889779183,True
1003000969,2019-09-01,30671.92,1217.0,3852.2500000000005,5538.806602048857,7.962079304302679,4.842138736181752,True
1003000969,2021-01-01,195640.43,6489.0,2261.4966666666664,744.5216703583772,86.50927188336928,259.7358022369583,True
1003000969,2022-07-01,53118.71,1590.0,2179.6533333333305,1124.2049842156775,24.370256126356516,45.31118201918065,True
1003001371,2022-11-01,807.27,33.0,436.57,65.72412114284985,1.8491192706782418,5.640242783837187,True
1003001538,2018-12-01,2760.78,93.0,886.2999999999998,208.42886268460992,3.1149497912670663,8.99338016748872,True
1003001538,2021-03-01,2107.41,43.0,333.7566666666667,481.8576111605296,6.314210952090844,3.6808660738212255,True
1003001538,2023-06-01,3810.78,129.0,156.39666666666682,151.32023537297482,24.366120335045483,24.14999768091817,True
1003001702,2019-03-01,28793.65,352.0,9400.716666666667,3057.07941356343,3.0629207347666756,6.343614512365025,True
1003001702,2022-01-01,49816.48,712.0,5147.9133333333375,3622.8950565167697,9.677023829719996,12.32952265242075,True
1003001710,2022-08-01,600.58,23.0,268.69,77.65280097974575,2.2352153038817972,4.274024836355449,True
1003001843,2022-02-01,5081.06,59.0,4602.585,96.80998941225012,1.1039578845366247,4.942413514399736,True
1003001843,2023-08-01,7302.92,78.0,4762.076666666667,284.60299055585034,1.5335578385620279,8.927676158184008,True
1003002155,2022-05-01,1373.3999999999999,54.0,339.44,235.20045684479393,4.046075889700683,4.396079896572217,True
1003002353,2024-01-01,12911.02,22.0,6313.506666666667,1346.7827166001416,2.0449839814324,4.898721413642947,True
1003002759,2018-09-01,176.28,94.0,1.2566666666666666,2.176610514844889,140.27586206896552,80.41095645713443,True
1003002759,2019-01-01,1216.89,230.0,0.0,0.0,1216.89,1216.89,True
1003002759,2019-12-01,1936.42,397.0,361.09666666666664,534.7546430217633,5.362608350487866,2.945880608780841,True
1003002759,2020-06-01,3268.07,435.0,500.3233333333335,680.0665530911921,6.531916027635461,4.0698173643242415,True
1003002759,2021-01-01,3926.14,498.0,162.35666666666683,231.05227640803295,24.182191471451716,16.289747895348924,True
1003002759,2022-01-01,5385.08,202.0,802.8966666666666,658.8898557675116,6.70706483607272,6.954399575625203,True
1003002759,2023-05-01,2215.1400000000003,276.0,96.07999999999997,45.34350229085639,23.0551623646961,46.733487554782755,True
1003002759,2024-04-01,371.01,221.0,27.766666666666666,48.09327742349583,13.36170468187275,7.137033525721889,True
1003002759,2024-05-01,1839.9599999999998,175.0,151.43666666666667,194.6639643933446,12.150029715392572,8.674041641941729,True
1003002759,2024-09-01,419.87,54.0,72.11,67.17294172507343,5.82263208986271,5.177084568118486,True
1003002759,2024-10-01,901.31,113.0,167.76333333333332,222.27922222586045,5.37250889149397,3.300113520827878,True
1003002932,2024-01-01,2382.82,19.0,693.0,9.899494936611665,3.438412698412699,170.6975972835217,True
1003003534,2020-01-01,1384.05,44.0,391.115,72.66936390254148,3.5387290183194198,13.663735949741454,True
1003003534,2021-09-01,1604.76,73.0,286.48333333333335,496.20368885502376,5.60158240735354,2.656724841583813,True
1003003534,2022-11-01,1519.39,63.0,547.3933333333333,124.2596709851327,2.7756823247147087,7.8223019501070725,True
1003003674,2018-10-01,1612.8,32.0,680.3333333333334,137.13385188688179,2.370602645761881,6.799682600878407,True
1003003674,2019-04-01,3138.6,43.0,928.2800000000001,485.5296439971508,3.3810919119231264,4.552389390281946,True
1003003674,2019-10-01,4944.12,130.0,1013.3333333333334,635.5160527739116,4.8790657894736835,6.185188634511276,True
1003003674,2020-08-01,1367.4,37.0,525.2533333333331,197.60813883372862,2.6033152256688847,4.261700310710713,True
1003003674,2023-02-01,3886.06,114.0,750.233333333333,265.2482673521739,5.179801839427736,11.822232423871727,True
1003003716,2021-06-01,2160.37,145.0,401.99333333333334,222.99036780393297,5.374143849815088,7.88543776120743,True
1003003716,2023-04-01,3105.0,167.0,475.78666666666663,381.2942807508828,6.52603407689721,6.8954963818382575,True
1003004276,2018-06-01,1545.37,183.0,94.00666666666666,86.92032290168584,16.43894050067371,16.697629333187667,True
1003004276,2018-12-01,15791.94,299.0,223.37666666666667,386.8997358920439,70.69646188053065,40.23927102828886,True
1003004276,2019-09-01,22819.480000000003,605.0,7789.306666666666,3143.727957462818,2.929590652484261,4.781003170981631,True
1003004276,2021-01-01,30097.53,873.0,6373.349999999999,3055.3804685505165,4.722403445597684,7.7647220188112405,True
1003004276,2022-10-01,3694.59,115.0,494.8233333333333,120.3502523190891,7.466482987194083,26.58712055030019,True
1003004276,2023-03-01,23490.45,308.0,8252.96,1749.6957223757563,2.846306052616274,8.708651341566046,True
1003004300,2018-09-01,2004.65,43.0,625.495,43.776980823259215,3.2049017178394714,31.50411412719534,True
1003004300,2020-02-01,13721.77,494.0,2141.8433333333332,2100.8324323784923,6.406523664195794,5.5120658307603625,True
1003004300,2022-02-01,6777.139999999999,388.0,2050.14,566.7047916684854,3.3056961963573217,8.34120351458971,True
1003004425,2022-10-01,3541.3,43.0,1425.7333333333333,191.9685558453087,2.4838445712148136,11.020381214783027,True
1003004698,2018-12-01,5626.21,22.0,2158.6666666666665,782.8060636794613,2.606335701050031,4.429632694763082,True
1003004698,2021-06-01,3555.0,72.0,1308.6666666666667,428.17909025702926,2.71650534895568,5.246247153229491,True
1003004698,2023-09-01,10831.0,269.0,2220.0,1024.023437231781,4.878828828828829,8.408987223259185,True
1003004896,2024-10-01,2627.75,53.0,905.93,178.60896086143055,2.90061042243882,9.64016582200393,True
1003005125,2019-03-01,2770.02,90.0,2226.355,127.93682992008225,1.2441951081476224,4.249479999931285,True
1003005547,2018-11-01,972.9100000000001,37.0,419.49,59.61409480986857,2.319268635724332,9.28337504352052,True
1003005547,2021-06-01,8245.08,111.0,333.62,96.09722784763308,24.713985972064023,82.32766102830783,True
1003005547,2022-03-01,8204.56,92.0,857.8000000000001,479.8561100996866,9.56465376544649,15.310339590077875,True
1003005547,2022-11-01,5303.95,37.0,702.1666666666666,706.8076667194113,7.5536909565630195,6.510658486051978,True
1003005547,2022-12-01,13240.5,15.0,2389.5499999999997,2590.5442472384066,5.541001443786488,4.188675801066675,True
1003005703,2018-07-01,13.69,28.0,0.0,0.0,13.69,13.69,True
1003005703,2018-08-01,3475.36,305.0,4.5633333333333335,7.903925185205976,761.5836376917458,439.12316796255425,True
1003005703,2019-04-01,958.15,147.0,0.0,0.0,958.15,958.15,True
1003005703,2020-11-01,332.65,44.0,65.29333333333334,70.39559242831247,5.094700837247293,3.7979177025739213,True
1003005703,2021-02-01,2910.01,77.0,129.5533333333333,178.10242006590784,22.4618689857459,15.611560278842605,True
1003005703,2023-02-01,3014.3,217.0,206.67333333333332,189.4841419046244,14.584852101545113,14.817211817545488,True
1003005893,2019-10-01,7418.25,148.0,2592.65,952.1421038374481,2.86126164349218,5.068151046520508,True
1003005893,2021-05-01,12831.21,216.0,3276.0166666666664,622.7039714289053,3.9167108429444295,15.344680252170606,True
1003005893,2022-11-01,12805.23,192.0,2374.2999999999993,1519.4913856616593,5.393265383481449,6.864750993937274,True
1003005893,2024-06-01,9918.2,172.0,1641.0566666666655,412.3432723269454,6.043788859616877,20.073428836666988,True
1003005992,2021-03-01,732.29,13.0,522.72,45.51829522291009,1.400922099785736,4.604082797339036,True
1003006180,2018-08-01,381360.46,1973.0,23486.89,29618.764888097547,16.237162944945034,12.082663519295274,True
1003006180,2020-06-01,139181.97,912.0,6417.78,1078.1192150013603,21.68693379953816,123.14425728868258,True
1003006180,2021-03-01,328678.64,1776.0,36956.54000000001,59459.49376889488,8.893652923136202,4.906232487176151,True
1003006180,2022-03-01,242599.02,1350.0,19755.98,28341.654393262852,12.279776553732084,7.862739306177286,True
1003006180,2023-02-01,51035.59,337.0,5843.686666666667,3428.2311489441986,8.733457646029388,13.182280123454102,True
1003006180,2023-03-01,159068.44,781.0,22215.203333333335,24963.44160705988,7.16034139382924,5.482146204871181,True
1003006263,2019-08-01,131916.87,196.0,7511.7733333333335,8393.758987851232,17.561348585243074,14.821142332860079,True
1003006529,2021-02-01,474.6,12.0,274.5,30.405591591021544,1.72896174863388,6.58102636815945,True
1003006552,2023-11-01,1078.59,48.0,370.93333333333334,65.61657209374265,2.907773184759166,10.784724713379996,True
1003006834,2021-01-01,5721.0,138.0,2656.5,44.54772721475249,2.153585544889893,68.79138828400555,True
1003006834,2022-08-01,8795.0,219.0,2693.71,1291.062915701632,3.2650136800175225,4.7257882832799325,True
1003007170,2020-11-01,920.61,32.0,317.7633333333333,116.35292876989962,2.897156164441041,5.1811903064241775,True
1003007352,2019-04-01,1176.35,50.0,174.85999999999999,89.30758646386094,6.727381905524419,11.213940938883855,True
1003007352,2020-11-01,1669.7,42.0,557.1,190.56333750225966,2.997127984203913,5.8384787681775725,True
1003007477,2020-10-01,15600.59,221.0,2358.575,662.665119988973,6.614413364001569,19.982966660777848,True
1003008285,2023-09-01,5593.96,111.0,1221.1166666666666,656.7448140894096,4.581020104549116,6.658359897970983,True
1003008343,2018-12-01,511.76,35.0,161.48000000000002,20.760655095637013,3.1691850383948474,16.872299953271398,True
1003008343,2020-03-01,1285.96,74.0,421.00666666666666,187.38873427539158,3.0544884483222754,4.615823553523631,True
1003008558,2018-08-01,16354.46,51.0,304.4733333333333,81.25402718224709,53.71393225460358,197.52850687225225,True
1003008558,2019-04-01,6886.18,19.0,669.5733333333334,299.96482749365754,10.284429885698355,20.72445199195266,True
1003008558,2021-10-01,13996.46,59.0,2631.7466666666664,3685.568237454479,5.318315846003415,3.083571542059585,True
1003008558,2023-06-01,25506.36,65.0,241.58999999999938,138.14367991318852,105.57705203029954,182.88762841612984,True
1003008558,2024-01-01,559.34,19.0,98.64666666666666,170.86103866366645,5.670135838345611,2.6963041834258714,True
1003008558,2024-11-01,2312.6,68.0,503.2866666666667,147.266781499531,4.594995562502484,12.285956920563892,True
1003008665,2022-02-01,1073.34,14.0,29.606666666666968,51.28025090950609,36.25332132402575,20.353514556221693,True
1003008665,2022-03-01,5052.19,13.0,357.78000000000026,619.6931379319991,14.120940242607178,7.575378381090177,True
1003008665,2023-09-01,1800.15,24.0,109.45333333333365,189.5787343911377,16.446735290534733,8.918176778089633,True
1003008665,2023-11-01,5230.49,68.0,709.5033333333337,958.6906101727208,7.372044293895726,4.715793206582205,True
1003010042,2018-10-01,33574.2,124.0,7703.736666666667,6320.798695389169,4.358170775134663,4.092910497561811,True
1003010042,2019-02-01,95426.8,203.0,21162.666666666668,10748.882554634854,4.509204889112903,6.909009653409142,True
1003010042,2021-02-01,5656.0,26.0,3332.3333333333335,549.4145368783891,1.6973091927578272,4.2293505371537,True
1003010042,2021-10-01,12120.0,15.0,0.0,0.0,12120.0,12120.0,True
1003010042,2022-05-01,11340.0,18.0,315.0,545.5960043842091,36.0,20.20725942163643,True
1003010042,2022-08-01,18928.5,67.0,3780.0,6547.152052610357,5.007539682539683,2.3137541145023928,True
1003010042,2024-02-01,8480.0,15.0,1441.0,1318.1657710622096,5.884802220680084,5.3399960418694565,True
1003010125,2018-11-01,35217.92,59.0,20566.14,451.62910114384715,1.7124224574956701,32.44206354925145,True
1003010166,2022-05-01,73748.44,63.0,1086.49,74.38763338082467,67.87769790794209,976.8014748904552,True
1003010745,2018-07-01,2602.85,136.0,56.70333333333334,23.866378722657526,45.9029451531362,106.68341000763071,True
1003010745,2018-12-01,1280.27,68.0,136.94333333333336,137.94058660645408,9.348903439378816,8.288544327628456,True
1003010745,2019-02-01,7609.58,243.0,471.74666666666667,703.4463097019791,16.13064921850711,10.146948295680641,True
1003010745,2020-11-01,911.49,41.0,275.1233333333334,94.50582645172094,3.313023250178707,6.733623635276706,True
1003010745,2021-06-01,7620.28,268.0,418.77666666666664,406.9382312259729,18.196524798420796,17.696797156751625,True
1003010745,2022-04-01,2889.2,122.0,81.14333333333333,11.687815592613138,35.606129072012486,240.25504547157618,True
1003010745,2023-11-01,1377.32,68.0,49.76,39.16203391030054,27.679260450160772,33.89915863513974,True
1003011057,2023-11-01,1209.38,16.0,696.3133333333334,43.60777147864069,1.7368330349363792,11.765486959542736,True
1003011172,2018-08-01,1800.0,20.0,503.3333333333333,135.76941236277534,3.576158940397351,9.550506583927596,True
1003011172,2021-03-01,1871.7,57.0,783.5,215.66814785684107,2.388895979578813,5.045714959829577,True
1003011172,2022-10-01,3346.9,70.0,426.3,287.8682511149853,7.851043865822191,10.145613448818304,True
1003011594,2018-10-01,2040.6899999999998,86.0,31.903333333333332,55.25819426413908,63.96478946818514,36.3527381489248,True
1003011602,2018-05-01,49630.72,561.0,20284.595,473.4009189365841,2.44671978908132,61.9900042989379,True
1003011602,2023-05-01,26563.96,217.0,8553.036666666669,3973.257375533711,3.1057928353711404,4.533037160955121,True
1003011826,2018-06-01,3819.3,104.0,240.7,163.05882374161786,15.867469879518074,21.946681068119506,True
1003012170,2019-05-01,3173.0,96.0,626.93,373.4533795535919,5.061171103631985,6.817638129405735,True
1003012170,2019-10-01,1705.4,64.0,573.0,158.1486642371611,2.9762652705061083,7.160351340697024,True
1003012170,2021-02-01,5031.0,87.0,1013.0666666666666,898.3093082749016,4.966109502500658,4.4727726812152335,True
1003012170,2022-09-01,3220.0,46.0,370.3666666666666,270.1227560449683,8.69408694086941,10.549401224304644,True
1003012816,2020-01-01,2402.63,118.0,508.6033333333333,292.2989894497261,4.72397611760311,6.479757833690457,True
1003012816,2024-04-01,3397.82,90.0,792.5600000000001,45.36246135292006,4.287145452710205,57.43206877005794,True
1003013152,2022-07-01,15801.54,57.0,3406.806666666667,2582.113160210705,4.638226217709253,4.800228558659258,True
1003013764,2019-01-01,433.26,58.0,0.0,0.0,433.26,433.26,True
1003013764,2019-02-01,5590.75,37.0,144.42,250.14277762909728,38.71174352582745,21.7728852762466,True
1003013764,2021-07-01,2961.01,19.0,113.55,196.6743691994523,26.07670629678556,14.478043130837863,True
1003013764,2021-08-01,5147.07,33.0,987.0033333333334,1709.539920573174,5.214845610112764,2.4334422475913176,True
1003013764,2022-01-01,3821.92,27.0,622.16,1077.6127304370539,6.1429857271441435,2.9693041940050713,True
1003013764,2022-07-01,2507.04,33.0,0.0,0.0,2507.04,2507.04,True
1003013764,2022-09-01,4377.66,29.0,835.68,1447.4402188691595,5.238440551407237,2.447064793299194,True
1003013764,2023-09-01,2160.08,38.0,0.0,0.0,2160.08,2160.08,True
1003013764,2024-02-01,5701.04,89.0,746.5033333333334,958.7603976141975,7.636992020575929,5.167648433326674,True
1003013764,2024-10-01,2433.34,31.0,146.4,253.5722382280897,16.621174863387978,9.018889512435049,True
1003014184,2023-08-01,476.23,12.0,363.84999999999997,17.57540326706612,1.3088635426686823,6.394163382332436,True
1003014952,2018-10-01,78897.41,468.0,31397.573333333334,4071.7110694930516,2.512850568494041,11.66581711127667,True
1003014952,2019-04-01,128650.36000000002,886.0,39613.39666666667,11852.539558243725,3.2476477864937783,7.512057892386953,True
1003014952,2020-02-01,114098.51000000002,1089.0,32519.756666666664,19150.721320436765,3.508590521433792,4.259826664924431,True
1003014952,2020-09-01,140482.27,1001.0,45956.16666666668,20196.30009490925,3.0568752833315793,4.680367339023641,True
1003014952,2021-04-01,147910.15999999997,1124.0,28721.26666666668,7970.1596796694885,5.149848080052176,14.954392148172857,True
1003014952,2022-08-01,49418.08,889.0,9983.32000000001,8817.692641411446,4.950064707932827,4.472231183790466,True
1003014952,2023-08-01,91089.81999999999,744.0,14196.686666666676,15319.217445725995,6.416273186748265,5.019390422895669,True
1003014952,2024-03-01,164490.02000000002,947.0,60856.95000000001,20978.435233956377,2.7028962180983434,4.939980930143738,True
1003015603,2019-01-01,2742.5,71.0,1304.1066666666666,287.20585323654757,2.102972149517422,5.008231263826815,True
1003015611,2022-11-01,81240.5,264.0,31374.203333333335,7644.552605825499,2.5894043949694976,6.5231151171183335,True
1003015629,2021-09-01,2382.0,130.0,1178.0,223.72304306893443,2.0220713073005094,5.381653956982065,True
1003015629,2021-12-01,5939.55,592.0,1929.45,475.4537911301373,3.0783643007074555,8.4342581231041,True
1003015629,2023-05-01,9500.6,532.0,2572.0499999999997,1534.040085036901,3.6937851130421264,4.516537779932482,True
1003015694,2022-01-01,38784.14,300.0,7048.983333333334,2663.7673746094674,5.502089899489051,11.913636667060437,True
1003015694,2023-04-01,43351.76,582.0,5251.933333333333,7477.829813925495,8.254438365554272,5.095037947469163,True
1003015694,2023-11-01,37430.15,238.0,5927.526666666668,1449.6658705139787,6.3146320725114125,21.730954680035396,True
1003015785,2024-05-01,426.63,16.0,66.64,30.498021247287507,6.402010804321729,11.803716611024969,True
1003015785,2024-09-01,3218.07,87.0,304.99666666666667,110.80607038124451,10.551164493601023,26.28983523475274,True
1003015843,2018-04-01,957.6,57.0,325.44,10.521748904055825,2.942477876106195,60.08126650468925,True
1003015843,2018-07-01,25351.05,444.0,536.16,365.0535697675069,47.28262085944494,67.97602339789186,True
1003015843,2019-12-01,3689.81,103.0,1002.02,156.74264863134337,3.682371609349115,17.147789854704104,True
1003015843,2020-01-01,18500.0,200.0,1953.7066666666667,1504.7009358119337,9.469179951954574,10.996399975258198,True
1003015843,2020-06-01,21830.0,236.0,2560.7433333333333,1620.0476707903651,8.524868430130313,11.894252875451414,True
1003015843,2021-11-01,5315.67,44.0,2218.1366666666677,577.0901541642564,2.3964573869058254,5.367503345849296,True
1003015843,2022-06-01,40569.09,216.0,1144.9166666666679,690.6364968877008,35.43409855156849,57.083825588417746,True
1003015843,2023-04-01,33801.6,177.0,2187.633333333333,2656.3591066219747,15.451218211461397,11.901239778860079,True
1003015926,2019-10-01,3976.0,162.0,1940.6000000000001,495.6407166486716,2.048850870864681,4.106603698264697,True
1003015991,2020-09-01,64033.58,26.0,767.52,303.94277882522556,83.42920054200542,208.15121926742506,True
1003015991,2021-04-01,38516.36,41.0,1022.0,294.8356279353375,37.68724070450098,127.17038392735613,True
1003015991,2022-10-01,43832.82,30.0,755.6466666666666,68.93630562605489,58.00703150502439,624.8836943338034,True
1003016007,2019-02-01,1223.21,31.0,589.25,77.63594463906522,2.075876113703861,8.165805194324912,True
1003016007,2021-01-01,4800.0,12.0,1293.6766666666665,116.16127768466292,3.7103552407479463,30.184958389074975,True
1003016007,2022-09-01,1853.0,49.0,708.8433333333334,276.5186453628955,2.6141178351586856,4.137719773525966,True
1003016007,2023-03-01,8834.8,137.0,1168.64,621.4684043457063,7.559898685651697,12.33555872896077,True
1003016130,2019-09-01,3349.17,247.0,763.11,439.7694171949655,4.388843023941503,5.8804907728576925,True
1003016551,2023-08-01,39227.47,1489.0,23090.27666666667,3865.6914646846926,1.6988739704721307,4.174464899942441,True
1003016551,2024-02-01,198624.4,1765.0,27327.05,10599.574142407924,7.26841719102501,16.160776621643222,True
1003016569,2024-07-01,546.7,15.0,0.0,0.0,546.7,546.7,True
1003016775,2023-01-01,2598.54,18.0,985.7199999999999,224.95875888704578,2.636184717769752,7.169402996261259,True
1003016858,2020-01-01,18906.23,339.0,1907.5466666666664,602.2976033767127,9.911280457970449,28.22306321332205,True
1003016858,2020-05-01,7618.78,58.0,1609.1033333333335,851.2679368056303,4.734798469541007,7.059676991028095,True
1003016858,2021-01-01,18838.03,101.0,1721.3800000000008,2946.1336536552453,10.943562722931595,5.809868801696591,True
1003016858,2021-09-01,19663.38,364.0,2294.206666666668,2766.855017024441,8.570884343462223,6.277587089479181,True
1003016858,2022-01-01,23216.309999999998,359.0,833.2833333333346,1275.169984368092,27.861243674620432,17.552974851237995,True
1003016858,2022-10-01,17993.84,577.0,2599.646666666668,374.70816408685926,6.921648326567453,41.08315432851065,True
1003016965,2022-08-01,13215.24,207.0,3624.4,1679.2099147813497,3.6461869550822206,5.711519397054552,True
1003016965,2024-05-01,7089.34,107.0,3531.7566666666667,415.58215870430007,2.0073126970808675,8.560481384535729,True
1003017096,2020-12-01,33242.45,1381.0,1812.34,2563.035807631255,18.34228124965514,12.262844672875463,True
1003017096,2022-08-01,22991.909999999996,1988.0,17491.49666666667,701.2879866597331,1.314462131980701,7.843301807481471,True
1003017096,2022-12-01,28097.870000000003,1601.0,13059.36,2179.6768781862806,2.1515503056811363,6.899421721862562,True
1003017096,2023-03-01,47242.18,2847.0,23724.98,3789.593272252315,1.9912421422483813,6.205731937565622,True
1003017476,2018-07-01,4168.629999999999,135.0,2727.7166666666667,83.7050741193931,1.5282489017065553,17.214169493214705,True
1003017823,2019-05-01,786.31,76.0,173.7733333333333,96.95933494681208,4.524917517072048,6.317459448362339,True
1003017823,2020-12-01,2131.2200000000003,46.0,927.2933333333334,279.718680343893,2.2983234359497895,4.3040624429749545,True
1003017823,2022-06-01,2621.68,94.0,458.32,201.06458987100353,5.720195496596264,10.75952757960982,True
1003018102,2022-10-01,342.06,14.0,40.84333333333341,70.74272848380484,8.374928588916983,4.257917006065496,True
1003018102,2023-01-01,1046.89,12.0,154.86333333333343,173.30708073628537,6.760089541315995,5.147087256198313,True
1003018383,2024-07-01,5108.5,89.0,911.8333333333334,257.58121696531623,5.602449278011332,16.292595850386697,True
1003018573,2018-09-01,10704.82,880.0,964.46,1368.0380339376534,11.099288721149659,7.1199482458569605,True
1003018573,2021-03-01,5817.280000000001,310.0,1413.6899999999998,952.5178647668648,4.114961554513367,4.623104891662908,True
1003018631,2021-12-01,3892.14,15.0,1226.5466666666664,324.12676877006686,3.173250644084748,8.223922212436225,True
1003018631,2023-05-01,6337.54,34.0,1766.0999999999997,946.0539282197359,3.5884378008040323,4.832113544100428,True
1003018631,2024-04-01,17574.78,686.0,4303.783333333333,1786.4426773992298,4.083565235238763,7.428727960074868,True
1003019290,2023-11-01,12206.13,301.0,2800.4733333333334,1879.367397140143,4.358595332693759,5.004692898780394,True
1003019449,2019-01-01,10345.28,204.0,7521.39,147.26205824991055,1.375447889286422,19.175950910639372,True
1003019449,2021-09-01,10847.72,262.0,2043.1833333333334,1637.2359943616227,5.309224983889519,5.3776833009951375,True
1003019464,2022-06-01,10061.95,114.0,7881.933333333333,234.34961773669053,1.2765840022329549,9.302411873852854,True
1003019464,2023-03-01,27275.0,68.0,8553.583333333334,1319.417292153372,3.188722075543388,14.189155150537806,True
1003019837,2018-11-01,1959.5,59.0,421.5,210.14459307819465,4.648873072360617,7.318770268943876,True
1003019837,2020-06-01,4020.9,40.0,1747.7166666666665,278.5890177902447,2.300658955017499,8.159630093691844,True
1003019837,2023-08-01,3635.67,82.0,1082.9633333333334,243.3812783131335,3.357149672657431,10.488508747917592,True
1003019878,2018-10-01,1060.38,13.0,288.37333333333333,106.917205974215,3.677108378028482,7.2206027049832375,True
1003019878,2021-04-01,2343.91,27.0,764.91,377.4550183796737,3.0642951458341505,4.183279922408446,True
1003019878,2023-04-01,2687.26,66.0,545.1833333333335,406.4241171895852,4.92909418849928,5.270545167149737,True
1003020306,2020-10-01,21375.2,189.0,4898.86,1672.1966943813757,4.363300849585414,9.853111213149106,True
1003020306,2021-03-01,48747.48,463.0,10659.476666666667,510.99486360759346,4.57315884488388,74.53695926498025,True
1003020710,2019-07-01,77967.11,664.0,62044.75,3505.580862681675,1.2566270312959598,4.542003343725417,True
1003021296,2019-08-01,631.42,18.0,109.93,156.8592231907324,5.743836987173656,3.324573393850715,True
1003021296,2021-07-01,934.37,36.0,61.68,106.83289381084764,15.148670557717251,8.168738755173441,True
1003021338,2021-05-01,17841.18,49.0,3120.466666666667,4986.774358253372,5.717471745679064,2.95195095582574,True
1003021734,2021-01-01,1950.0,30.0,328.0,101.82337649086284,5.945121951219512,15.92954443173028,True
1003021908,2019-05-01,2697.2,123.0,251.485,94.95736964554148,10.725092947889534,25.755926150117755,True
1003021908,2021-05-01,1273.95,48.0,639.0266666666668,88.17365271629014,1.9935787760552506,7.200828294777345,True
1003021908,2022-05-01,1296.75,77.0,337.72666666666686,176.8474510230009,3.839643498687299,5.42288468273485,True
1003022427,2023-03-01,3413.25,81.0,1459.4566666666667,289.1215762155076,2.338712808647967,6.757687748205274,True
1003022427,2023-06-01,8115.7,114.0,2626.13,1041.609656829276,3.09036490958178,5.27027563925491,True
1003023029,2020-08-01,2941.0,30.0,1225.0833333333333,367.018420291589,2.400653016801578,4.675287592659258,True
1003023029,2023-05-01,2644.0,37.0,434.4166666666667,364.125350440386,6.086322654901208,6.068194182747742,True
1003023029,2024-07-01,3185.0,48.0,496.3333333333333,464.1899754769963,6.417058428475487,5.792168742773524,True
1003023508,2019-01-01,10235.98,323.0,5271.975,738.3114034403096,1.9415835621375288,6.723457035702314,True
1003024514,2021-11-01,341619.15,178.0,43754.68666666667,9955.241227099927,7.8076013342875425,29.920366221010664,True
1003024522,2024-10-01,13952.82,24.0,10932.296666666667,306.8018465285105,1.2762935753969353,9.845192809335458,True
1003024589,2019-05-01,660.02,46.0,402.7,62.76611824862679,1.6389868388378446,4.099664073229982,True
1003024589,2020-07-01,1702.12,38.0,501.20666666666665,147.51749636342768,3.396044213298573,8.140819651485502,True
1003024589,2020-12-01,1192.05,47.0,493.51666666666665,173.14685221895803,2.4154199452906013,4.034340355491892,True
1003024589,2023-09-01,2796.21,118.0,610.0266666666668,409.58354573070017,4.58375043713936,5.337576072381437,True
1003024589,2023-10-01,7164.120000000001,193.0,1362.1966666666667,1306.2714040479234,5.259240589342215,4.4415910165024775,True
1003024589,2024-10-01,3927.1,102.0,1140.3133333333333,674.7870209431509,3.443877998444872,4.129875916658223,True
1003024647,2019-04-01,42828.88,289.0,1.7633333333333334,2.641218620598531,24288.589792060488,16214.907896174658,True
1003024647,2019-12-01,431.88,27.0,6.0133333333333345,10.09666457955719,71.82039911308202,42.17894566181022,True
1003024647,2020-02-01,1110.57,37.0,144.97666666666666,248.47025503193458,7.6603361460464905,3.8861526230140933,True
1003024647,2020-05-01,64526.47,594.0,371.20666666666665,640.3092453148233,173.82896320109194,100.19418554825,True
1003024647,2021-11-01,47226.71,415.0,249.7066666666715,155.5737900002223,189.12875106791603,301.9596252894926,True
1003024647,2022-04-01,42958.92,457.0,175.91000000000486,45.59543509457589,244.209652663287,938.3178362320208,True
1003024647,2023-09-01,70783.05,506.0,0.0,0.0,70783.05,70783.05,True
1003024993,2019-03-01,4512.89,474.0,1392.4866666666667,742.1546475185093,3.2408856099160737,4.204519022776195,True
1003024993,2021-05-01,7529.98,571.0,2028.0366666666669,1160.6914743519583,3.7129407587962735,4.74022895395626,True
1003024993,2022-04-01,1290.35,214.0,330.01,122.88944462392946,3.9100330293021424,7.814666287563311,True
1003024993,2022-09-01,2977.59,163.0,692.6366666666667,520.43049346989,4.298920549975697,4.390506248199946,True
1003024993,2023-10-01,6826.13,427.0,2532.73,996.7236916517992,2.6951668752689786,4.307512739949879,True
1003025347,2018-12-01,4310.89,122.0,173.50333333333333,77.99923610737322,24.846150890472806,53.04393828897464,True
1003025453,2020-08-01,626.0,30.0,90.0,127.27922061357856,6.955555555555556,4.211213719066549,True
1003025503,2022-01-01,480.0,24.0,309.3333333333333,18.475208614069913,1.5517241379310345,9.237604307033068,True
1003025503,2022-04-01,1285.0,98.0,320.6666666666667,159.00104821457435,4.007276507276507,6.064949534370054,True
1003025503,2023-06-01,980.0,29.0,170.0,51.29327441292966,5.764705882352941,15.791544003979997,True
1003025503,2024-02-01,1107.5,47.0,236.83333333333334,88.09701092167334,4.676284306826179,9.88304435709825,True
1003025578,2018-05-01,5649.0,335.0,713.1999999999999,661.3159003078634,7.920639371845206,7.463604001812492,True
1003025578,2021-09-01,10394.0,333.0,1721.2666666666667,889.2351844890998,6.038576242302181,9.753025391495452,True
1003025578,2022-10-01,5212.200000000001,362.0,2677.2000000000003,398.7600406259576,1.9468848050201704,6.357206695085743,True
1003025578,2024-01-01,13117.0,96.0,2876.6999999999994,2306.1499929536267,4.55973858935586,4.440431034966909,True
1003025578,2024-07-01,14601.8,111.0,3354.366666666667,561.7127409391265,4.353072114954636,20.023461306091736,True
1003025651,2020-12-01,2601.36,26.0,763.3566666666666,292.02643276479904,3.4077910282218453,6.293962214076968,True
1003026717,2022-01-01,1642.13,44.0,552.0233333333333,103.45821201496423,2.9747474442505455,10.53668573461325,True
1003026899,2018-09-01,40244.0,141.0,5299.666666666667,6978.863008637821,7.593685137430026,5.007167111617226,True
1003026899,2019-10-01,26966.2,172.0,975.14,109.85600939361728,27.65367024222163,236.59206395230757,True
1003026899,2021-07-01,1392.0,12.0,697.8533333333334,102.5939380917019,1.9946884732226446,6.765961806108028,True
1003026899,2022-08-01,9251.0,38.0,414.3933333333334,245.86171424839472,22.32420083978185,35.94136929241053,True
1003026899,2023-09-01,7044.1,33.0,280.9866666666667,192.92219191465105,25.069161051532696,35.05617091643527,True
1003027707,2019-02-01,15995.84,82.0,9963.416666666666,1348.5933409420843,1.6054572979483277,4.473122586471676,True
1003027707,2019-09-01,71007.79,653.0,10900.546666666667,3467.9463699188505,6.514149443269511,17.332229775727424,True
1003027707,2020-10-01,14711.210000000001,167.0,4953.536666666666,1151.0009707354163,2.9698397306705453,8.477554390852342,True
1003027707,2021-11-01,12186.02,92.0,3551.7999999999997,1423.1178183483498,3.4309420575482856,6.06711537771395,True
1003027707,2022-01-01,57393.94,494.0,6725.316666666667,4878.579644141708,8.53401302045257,10.38593751240224,True
1003027707,2024-04-01,62174.15,507.0,9310.0,7876.943949349899,6.678211600429646,6.711251259362204,True
1003027749,2019-08-01,29745.5,1044.0,12386.203333333333,771.8262317603462,2.4015026396304924,22.49119808622515,True
1003027749,2022-02-01,21175.67,924.0,8440.799999999997,3039.0524544996197,2.50872784570183,4.19040809287275,True
1003027749,2022-07-01,44899.34,1517.0,28775.923333333336,3357.9793428538487,1.560309272439216,4.801523481965151,True
1003027749,2023-08-01,87362.79999999999,2600.0,25623.44666666667,8886.210145620755,3.409486675875246,6.947771020670642,True
1003028036,2018-05-01,2761.02,88.0,1307.5100000000002,195.35946150621925,2.1116626259072584,7.440182260912546,True
1003028036,2019-04-01,6642.83,195.0,1387.9533333333336,705.8298293734357,4.786061491020351,7.444962578772583,True
1003028036,2019-10-01,5207.8099999999995,163.0,1442.3666666666668,447.9144991327385,3.610600633218552,8.406611843608687,True
1003028036,2020-08-01,2686.59,120.0,763.1133333333337,384.9086340072582,3.520564878960747,4.9972292038281365,True
1003028036,2023-03-01,3594.48,116.0,875.3400000000003,534.2011879432687,4.10638152032353,5.090104742127171,True
1003028291,2020-10-01,6509.29,52.0,5680.636666666666,191.6631092133635,1.145873320537428,4.323488942313144,True
1003028309,2022-11-01,1147.82,22.0,514.1,36.90541965620062,2.232678467224275,17.171461695966006,True
1003028549,2019-10-01,46320.770000000004,593.0,4548.7300000000005,2808.1388273908383,10.183231363479477,14.875347184602047,True
1003028549,2020-01-01,418913.02,3225.0,43279.12666666667,8704.702887292204,9.679331637776425,43.15298272635045,True
1003028549,2021-04-01,34908.32,199.0,6865.083333333335,5026.323861046456,5.084908413347737,5.579273728061804,True
1003028549,2022-05-01,628457.4400000001,3906.0,25916.92,33494.13352151527,24.248924640736636,17.989434466574643,True
1003028549,2023-03-01,651912.1599999999,4471.0,26486.63666666667,40831.21461019284,24.61287056579852,15.317338200789306,True
1003028549,2023-11-01,427364.69,2880.0,6832.053333333334,8536.694339286953,62.552891370871414,49.26176573188547,True
1003028556,2019-07-01,2023.36,16.0,395.245,558.9608394601539,5.119255145542637,2.912753246850778,True
1003028770,2019-10-01,1424.58,28.0,550.5933333333334,210.09627610534542,2.587354248144426,4.1599341162450525,True
1003028770,2022-01-01,1158.35,33.0,211.8066666666667,302.76447766099295,5.468902458216611,3.1263354956494696,True
1003028952,2018-12-01,25497.86,76.0,232.85666666666665,125.74389859280936,109.50023619680205,200.924288304022,True
1003028952,2021-04-01,32701.56,91.0,427.18666666666667,220.21927806871702,76.55098473735136,146.55562227055557,True
1003028952,2022-02-01,41510.03999999999,98.0,5037.253333333335,7971.118167486499,8.240609962042802,4.575617360113415,True
1003029026,2020-02-01,746.16,27.0,388.35999999999996,71.70918211777342,1.9213101246266353,4.989598116073308,True
1003029026,2022-12-01,1937.05,15.0,300.9,105.817123850535,6.437520771020273,15.462053214667183,True
1003029455,2019-02-01,9471.45,34.0,1282.2299999999998,771.3637466850506,7.38670129383964,10.616547686086259,True
1003029455,2020-11-01,1160.33,29.0,273.4066666666667,195.12289879287772,4.24397112969691,4.545460009154534,True
1003029455,2021-06-01,3049.63,39.0,1045.3066666666666,301.6444889822041,2.9174500625015947,6.644654242138603,True
1003029455,2022-02-01,31047.559999999998,118.0,1686.3933333333332,1886.6905673780568,18.41062780924972,15.562258684247318,True
1003029455,2023-08-01,3864.99,102.0,974.9033333333333,446.69621011742595,3.9644853677800533,6.469915350092025,True
1003029455,2023-10-01,17160.9,70.0,2091.73,1548.83964915673,8.20416592963719,9.729328667563781,True
1003029455,2024-02-01,4519.54,90.0,1140.17,595.7491232892849,3.9639176614013696,5.6724716292348445,True
1003029455,2024-10-01,2547.8599999999997,104.0,350.74333333333334,296.7444978989297,7.264172281725477,7.4040687602403255,True
1003029737,2018-06-01,8370.0,325.0,2072.133333333333,664.996731821543,4.039315359371984,9.470522733872244,True
1003029737,2020-03-01,3138.0,80.0,1165.6666666666667,95.13323989714135,2.692021732913926,20.732325898559033,True
1003029737,2021-05-01,3967.0,93.0,994.0,696.0086206362633,3.9909456740442657,4.271498817474706,True
1003029737,2023-01-01,9815.0,171.0,1928.6666666666667,1978.9463315950052,5.08900795022468,3.9851173361417285,True
1003029737,2023-05-01,4440.0,51.0,1303.8166666666666,200.61711251369664,3.405386749159519,15.63268105117014,True
1003029786,2019-03-01,281.58,43.0,44.57666666666666,77.20905149872925,6.316757646003141,3.0696314581358903,True
1003029786,2020-10-01,3714.81,106.0,606.4000000000001,508.19632594106776,6.126005936675461,6.116553468276082,True
1003029786,2021-07-01,1416.3,22.0,413.2866666666667,67.88175699945204,3.426919168293194,14.775889394575186,True
1003029786,2022-12-01,1734.96,20.0,541.78,267.1554745836204,3.2023330503156267,4.46623825268657,True
1003030784,2020-05-01,2609.18,54.0,639.1666666666666,354.53008805083573,4.0821590612777054,5.556688697888048,True
1003030784,2020-11-01,6018.64,96.0,1159.56,1255.5403899516732,5.190451550588155,3.8701104631026886,True
1003030784,2022-02-01,11893.62,169.0,6199.113333333334,882.8350922643098,1.9186001869084504,6.450249561400311,True
1003030933,2018-06-01,1858.2600000000002,42.0,546.83,301.7366056679236,3.3982407695261783,4.346274119101397,True
1003030933,2019-07-01,5210.68,71.0,539.0166666666668,84.27581879360862,9.667010914937695,55.433022190792734,True
1003030933,2020-07-01,2224.21,51.0,711.62,298.19290132395554,3.1255585846378686,5.072521824913359,True
1003030933,2021-12-01,3637.24,50.0,807.4266666666667,383.1268120783653,4.504731079809105,7.386101009173221,True
1003031063,2022-09-01,2484.42,49.0,380.02666666666664,113.04847514820047,6.537488597291419,18.614964337861142,True
1003031063,2023-01-01,977.76,31.0,56.42666666666667,16.57102692454387,17.32797731568998,55.59904872091648,True
1003031063,2023-02-01,2748.72,55.0,369.6933333333333,526.619064346643,7.435135427561582,4.517547555210972,True
1003031063,2024-03-01,2838.56,54.0,467.6133333333335,487.50947532671995,6.070314504861564,4.863385814353046,True
1003031170,2021-10-01,38305.55,346.0,7902.036666666668,7063.58676063609,4.847554069393924,4.304259912650304,True
1003031170,2022-06-01,31313.7,263.0,6096.03666666667,5138.142365060902,5.136730914238812,4.907933946091513,True
1003031436,2023-08-01,29931.15,16.0,3012.3700000000003,1004.82594467897,9.936080229188313,26.789495377331477,True
1003031436,2024-06-01,10595.6,119.0,1689.1533333333334,434.814646985777,6.272728349113757,20.483317957221438,True
1003031550,2018-10-01,14414.830000000002,929.0,1604.4933333333336,204.6498691261299,8.98403857500187,62.59635894890994,True
1003031600,2018-05-01,1185.9199999999998,125.0,557.455,108.1661243181062,2.127382479303262,5.810183215511582,True
1003031600,2018-10-01,1413.1,73.0,216.86333333333334,211.60033892537433,6.516085399406692,5.653283320536395,True
1003031600,2018-11-01,3278.87,521.0,534.3166666666666,761.1589467603552,6.136566954677314,3.60575586086809,True
1003031600,2021-01-01,6108.54,174.0,854.6766666666667,465.5178194584331,7.147194065592056,11.28606277509525,True
1003031600,2022-11-01,3713.18,412.0,0.0,0.0,3713.18,3713.18,True
1003031600,2023-11-01,251.2,13.0,0.0,0.0,251.2,251.2,True
1003031600,2024-03-01,653.06,19.0,83.73333333333333,145.03038762043397,7.799283439490445,3.925568124086374,True
1003031824,2019-02-01,18826.2,540.0,4331.25,2944.235247054825,4.346597402597403,4.923162989268462,True
1003031824,2019-07-01,11920.94,412.0,3962.9733333333334,1752.5266315903395,3.0080797919407316,4.540853487313439,True
1003031824,2022-04-01,17361.14,188.0,11436.826666666666,624.9586122566677,1.5180032456555548,9.479529071439124,True
1003031840,2019-11-01,4176.2300000000005,353.0,260.235,368.0278664041624,16.047918227755684,10.640485021586697,True
1003032236,2018-10-01,2456.24,262.0,682.7333333333332,366.3045467003289,3.5976564788594865,4.841617945074429,True
1003032236,2020-08-01,4420.51,126.0,1283.7366666666667,760.611118268286,3.443471013006302,4.124017198795295,True
1003032236,2021-04-01,9900.39,314.0,2885.6333333333337,1334.684496888058,3.430924464877727,5.255741475249191,True
1003032236,2022-08-01,6723.85,224.0,1895.4800000000014,1190.506482174698,3.5473072783674824,4.055727601902693,True
1003032236,2023-08-01,8812.86,326.0,2685.350000000001,144.93020285636987,3.2818291842776537,42.279041077949394,True
1003032236,2024-04-01,5563.4400000000005,184.0,2488.2333333333345,132.80650937866181,2.2358996342786708,23.15554170540351,True
1003032376,2019-08-01,115.15,301.0,0.0,0.0,115.15,115.15,True
1003032376,2019-10-01,2348.02,858.0,38.38333333333333,66.48188349718542,61.17290490664351,34.74084284577238,True
1003032392,2023-03-01,108391.25,4645.0,82976.93333333333,4129.909609281206,1.3062817055985037,6.153722253279515,True
1003032723,2022-07-01,64.02,21.0,0.0,0.0,64.02,64.02,True
1003032723,2023-01-01,536.72,16.0,21.900000000000002,36.48666057616125,24.507762557077623,14.109814158667083,True
1003032848,2018-10-01,11688.34,2429.0,1977.675,1077.9347904442086,5.9101419596243066,9.008582973742142,True
1003032848,2019-12-01,124778.29,9434.0,2117.6299999999997,575.3449880723693,58.92355605086819,213.19497439433889,True
1003032848,2021-04-01,30523.63,4814.0,1418.3066666666666,49.404689397213815,21.521177836481062,589.1206621971949,True
1003032848,2021-10-01,86976.50000000001,4908.0,12165.573333333334,15971.363317714442,7.149395890918417,4.684066424291473,True
1003032848,2022-03-01,3049.18,367.0,832.25,318.4797128558331,3.6637789125863622,6.960977137666355,True
1003032848,2023-01-01,27722.710000000003,3684.0,1900.6466666666665,1102.235961958271,14.58593566400208,23.426983172874305,True
1003032848,2023-09-01,181034.36,14006.0,16574.45,26571.84046918656,10.922495769090375,6.189255508692076,True
1003032848,2024-06-01,38094.52,2135.0,907.0500000000096,682.5997031176312,41.99825808941028,54.47917693218149,True
1003033085,2018-05-01,59285.119999999995,488.0,10739.609999999999,9421.957443005142,5.520230250446711,5.152380521102881,True
1003033085,2018-10-01,161541.92,2313.0,23385.206666666665,31119.87974794461,6.907867965531486,4.439500231117,True
1003033085,2019-09-01,254207.44,2571.0,25255.0,13386.69395332547,10.065628192437142,17.102986054531,True
1003033085,2021-07-01,322715.63,3636.0,48581.560000000005,74252.66554227404,6.642759722001516,3.6919088089023293,True
1003033085,2023-03-01,290147.3,2125.0,46651.45333333333,32736.150070779055,6.2194696899760755,7.438133260637021,True
1003033119,2022-08-01,1030.08,33.0,521.2199999999999,125.90698630338204,1.9762864049729483,4.04155492034306,True
1003034265,2018-08-01,57119.76,1766.0,4347.9800000000005,540.8019729069044,13.137079747376943,97.58059815562899,True
1003034265,2018-12-01,188667.02,6306.0,20946.383333333335,31373.852486196738,9.007140612182054,5.345873183424227,True
1003034265,2019-09-01,28605.39,5949.0,3862.0833333333335,2214.283266980713,7.406725213075844,11.174408909482215,True
1003034265,2019-11-01,222803.71,7564.0,11487.606666666667,14913.613768977353,19.39513742636267,14.169342629276336,True
1003034265,2021-12-01,5344.08,1122.0,976.4033333333333,805.7147967052653,5.473229983510913,5.420871857544383,True
1003034265,2022-10-01,19723.2,2695.0,2290.7466666666664,2645.3792872345975,8.60994377379137,6.589774637404345,True
1003034265,2022-12-01,198770.9,6584.0,6867.063333333334,11140.991834088647,28.94554634950699,17.2250226482968,True
1003034265,2024-01-01,5669.21,1249.0,738.4900000000001,422.82760032673843,7.67675933323403,11.661301192707867,True
1003034265,2024-08-01,109700.96,4092.0,2253.89,2972.4089669488694,48.67183402916736,36.1481448867693,True
1003034273,2020-10-01,1501.52,34.0,160.26666666666668,277.5900094263721,9.368885191347752,4.831778118041698,True
1003034273,2023-03-01,1060.08,19.0,271.06,111.21953605369966,3.910868442411274,7.094257250084561,True
1003034273,2023-10-01,2740.48,72.0,576.34,419.2977362209342,4.754971024048305,5.161344345679182,True
1003034406,2018-05-01,3109.5,55.0,76.75,132.93489948086506,40.51465798045603,22.81379842196022,True
1003034406,2018-10-01,230.25,120.0,0.0,0.0,230.25,230.25,True
1003034406,2018-12-01,66524.77,321.0,76.75,132.93489948091133,866.7722475570033,499.8538401839432,True
1003034406,2019-10-01,122331.66,667.0,0.0,0.0,122331.66,122331.66,True
1003034406,2020-07-01,110401.29,661.0,1027.0866666666668,1778.9662904430663,107.48975094604154,61.48188637463882,True
1003034406,2021-01-01,241.47,172.0,0.0,0.00065911018523404,241.47,241.47,True
1003034406,2021-06-01,4159.14,236.0,80.49,139.412769502777,51.672754379426024,29.255928381214442,True
1003034406,2021-08-01,109133.28,533.0,1386.38,2401.280598597431,78.71815808075708,44.870599488845286,True
1003034406,2022-03-01,106798.2,697.0,2497.5466666666666,2284.146402167193,42.76124303316321,45.66285822763948,True
1003034406,2022-09-01,111786.95,528.0,1961.2433333333336,2786.741704685634,56.99800126790318,39.41007754037824,True
1003034406,2023-03-01,188646.11999999997,986.0,2915.5333333333333,3520.1111601388056,64.70381176685797,52.76270498780012,True
1003034406,2023-07-01,4566.28,315.0,193.32999999999996,328.97737140825103,23.61909688098071,13.29255559821864,True
1003034406,2023-11-01,142546.59,582.0,86.16333333333334,145.3249346534136,1654.3764555688806,980.2889435761418,True
1003034406,2024-08-01,139859.27000000002,637.0,2502.8633333333332,2677.3351604968134,55.87970710879141,51.30340373267965,True
1003034927,2018-06-01,1215.8,33.0,439.025,59.57374631496663,2.7693183759467,13.038881185903394,True
1003035114,2018-08-01,4238.0,81.0,825.5,239.7091988222396,5.133858267716535,14.235999355746864,True
1003035114,2019-07-01,5808.6,62.0,1035.9333333333334,622.8913977037519,5.607117575133535,7.662116838121041,True
1003035114,2020-02-01,6079.2,147.0,1180.9333333333334,871.1725508378544,5.147792706333973,5.622613639462968,True
1003035122,2021-11-01,1470.89,22.0,893.2966666666666,107.16583146382686,1.64658624048002,5.38971541062784,True
1003035122,2022-10-01,1952.25,29.0,1435.97,65.17137178240279,1.3595339735509795,7.9218832729772775,True
1003035205,2020-03-01,33982.45,19.0,7003.74,1928.3650451094568,4.8520433368457425,13.990457910664238,True
1003035361,2018-11-01,1397.42,82.0,72.28333333333333,28.52561714201988,19.332534009684114,46.4542681081793,True
1003036088,2023-03-01,29917.56,379.0,22227.400000000005,1504.7900898131684,1.3459765874551226,5.110453645368432,True
1003036179,2018-12-01,24163.42,1251.0,2563.77,378.1289863260948,9.424956216821322,57.12243911756786,True
1003036179,2019-08-01,24128.3,1312.0,1588.1666666666667,1246.0750444629248,15.192549060761884,18.088905185520694,True
1003036179,2022-12-01,2713.2,401.0,1106.92,385.9315441888498,2.451125645936472,4.162085282186705,True
1003036179,2024-03-01,5864.6,396.0,1721.236666666667,859.5552985313536,3.407201411388323,4.820356922251231,True
1003036708,2018-10-01,6581.9400000000005,103.0,1860.9166666666667,929.5691171899662,3.5369343065693433,5.078722223049659,True
1003036708,2020-08-01,37732.08,63.0,2530.0766666666664,1620.3620246208359,14.913413691021223,21.72477680817692,True
1003036708,2024-03-01,135658.25,455.0,5415.483333333333,2629.4973444430484,25.050072477371984,49.531431146683005,True
1003037169,2018-12-01,3359.54,27.0,598.745,270.31985137980524,5.610969611437256,10.213067911616388,True
1003037722,2019-04-01,8965.73,241.0,2589.693333333333,1496.828867985026,3.4620817394080126,4.259696484374894,True
1003037722,2020-09-01,9535.72,182.0,2541.483333333333,1498.2266649720673,3.752029326705533,4.668343469108572,True
1003037722,2021-11-01,10580.529999999999,265.0,4420.240000000001,824.4807723046049,2.393655095650914,7.471720635498429,True
1003037722,2023-05-01,6782.76,156.0,2722.3966666666674,518.8511202005441,2.491466465210188,7.825680961744746,True
1003037722,2024-05-01,12451.99,397.0,4381.240000000001,1981.6492780509946,2.8421154741580006,4.072743895396969,True
1003037946,2020-12-01,10832.2,255.0,1583.7,409.375142870204,6.83980551872198,22.59174784076306,True
1003037946,2021-10-01,5446.72,72.0,3343.22,205.19749413671772,1.6291838407283998,10.251099843346495,True
1003037946,2021-11-01,11515.07,273.0,3965.640000000001,1282.7499690898424,2.9037103720963064,5.885348027220451,True
1003037946,2023-01-01,6486.4,124.0,2658.7433333333333,193.52915447893696,2.4396488065163617,19.778191440831492,True
1003037946,2023-07-01,14289.800000000001,491.0,2536.9133333333334,2147.9289022761745,5.632750560392288,5.471729839014715,True
1003038225,2018-10-01,487.36,69.0,43.27333333333333,37.58250834275612,11.262363272223078,11.816312594586641,True
1003038225,2019-03-01,4464.5599999999995,116.0,479.45666666666665,266.1430255207402,9.311707001675506,14.97354035686642,True
1003038225,2019-11-01,1462.31,26.0,294.2633333333333,79.25063175354646,4.969392494251181,14.738641709495226,True
1003038266,2024-11-01,2728.43,63.0,725.6066666666666,369.8820480008885,3.7602052535349735,5.414762203675595,True
1003038415,2018-05-01,2178.21,35.0,124.26500000000001,19.890913754777593,17.52874904438096,103.26046481935319,True
1003038415,2020-08-01,14304.57,281.0,2120.7433333333333,1734.7225802511853,6.745073661279142,7.023501512790861,True
1003038415,2023-01-01,9331.19,179.0,4618.79,217.7071124240128,2.0202672128414587,21.64559507280585,True
1003038746,2020-05-01,635.28,20.0,139.18999999999969,101.38961633223279,4.564120985703006,4.892907360201621,True
1003038746,2020-07-01,2013.53,123.0,332.71666666666636,271.26437700761767,6.0517858037369185,6.1962184341150435,True
1003038746,2022-02-01,1479.0500000000002,46.0,288.85666666666634,160.7564183270178,5.120359578568385,7.4037064629804705,True
1003039009,2018-06-01,1126.88,108.0,155.79,156.30556739924523,7.233326914436101,6.2127665454141034,True
1003039009,2019-01-01,2668.08,41.0,67.3,22.343672482381148,39.644576523031205,116.39894927974869,True
1003039009,2019-12-01,1054.47,56.0,38.24666666666667,35.00677839123888,27.570245773052115,29.029330319286473,True
1003039009,2021-01-01,14457.65,313.0,467.09,268.77647832353205,30.952600141300394,52.05276922766754,True
1003039009,2021-08-01,2201.7,93.0,885.7033333333334,94.45522025453188,2.4858210612281764,13.932492699931279,True
1003039009,2022-10-01,4298.15,126.0,965.8966666666666,706.983589649245,4.449906649779652,4.713339011145309,True
1003039009,2023-04-01,1881.31,137.0,575.5733333333333,43.74710999975105,3.268584368050408,29.84738115670034,True
1003039009,2023-05-01,4300.22,52.0,1024.2933333333333,742.6617335189233,4.19823097550181,4.411061616362647,True
1003039223,2018-10-01,3943.86,242.0,2826.7433333333333,210.46352280937305,1.3951956491746096,5.307887332468977,True
1003039223,2019-05-01,6639.81,167.0,1520.4533333333331,206.23827635366345,4.366993615939107,24.822534192866527,True
1003039223,2019-10-01,8403.22,217.0,771.4766666666668,1082.7650766594454,10.892383869894529,7.048383345424146,True
1003039223,2020-07-01,10367.36,423.0,2977.373333333333,1242.7943540398553,3.4820490544238103,5.9462666873603105,True
1003039223,2021-07-01,16534.19,381.0,1867.3499999999995,712.2805000840352,8.854360457332586,20.591382184784784,True
1003039223,2022-01-01,10701.18,453.0,1471.419999999999,1387.111651310019,7.272688967120202,6.653941657315914,True
1003039223,2024-05-01,8723.39,188.0,2180.346666666665,1316.2598297575323,4.000918814133535,4.970935969791486,True
1003039322,2019-05-01,3021905.7800000003,1024.0,15762.89,9691.006213145474,191.71013564137036,310.19925319233454,True
1003039322,2020-01-01,3042693.18,398.0,277062.05,87102.1302966731,10.981991867886634,31.751590007961433,True
1003039322,2020-12-01,3327019.76,354.0,151547.51,76265.8560573977,21.953641864521558,41.63687938689286,True
1003039322,2021-12-01,3592071.8099999996,1530.0,73084.25666666667,10240.761407321072,49.1497344822599,343.62557756863913,True
1003039322,2023-09-01,3475447.51,435.0,74323.38333333333,102160.17744623391,46.76115852278881,33.29207340557578,True
1003040122,2023-06-01,8556.13,104.0,5560.143333333333,243.0903754436474,1.5388326320124839,12.324579536309894,True
1003040320,2021-04-01,7616.16,38.0,402.605,183.289148751365,18.91720172377392,39.35614873625343,True
1003040841,2020-08-01,15927.25,163.0,7415.096666666667,1345.438174623169,2.147949071466364,6.326677430360127,True
1003040957,2020-12-01,5164.89,111.0,557.4866666666667,965.5952312088815,9.264598256460543,4.771568028111607,True
1003041328,2020-08-01,3238.25,116.0,931.4233333333333,504.44106656113286,3.4766683248218677,4.5730350274467675,True
1003041328,2021-03-01,2814.33,68.0,739.9533333333334,295.83012445208135,3.8033885019776017,7.012053523990167,True
1003041328,2022-01-01,5033.35,140.0,1160.6666666666667,599.7713675504467,4.336602527283171,6.456932662774373,True
1003041328,2022-08-01,5735.33,140.0,1378.1599999999999,837.2889517962129,4.161585011899925,5.203902417024234,True
1003041328,2023-06-01,3539.0899999999997,92.0,1039.7199999999996,312.1207540360006,3.4038875851190715,8.007702043779242,True
1003041369,2021-03-01,1997.82,36.0,1381.02,96.53421776758746,1.4466264065690577,6.389444222617382,True
1003041526,2018-08-01,4866.84,45.0,2015.9666666666665,672.5610777716279,2.4141470593098435,4.2388318734991755,True
1003041526,2020-01-01,10805.28,153.0,1854.743333333333,497.57176691742904,5.825754866351679,17.98843355224371,True
1003041534,2020-06-01,15113.5,170.0,2575.773333333333,1956.6349227777098,5.86755822199676,6.407800719854094,True
1003041534,2022-03-01,16794.75,200.0,3025.233333333333,4321.121389782207,5.55155525193649,3.186560946708483,True
1003041534,2023-08-01,29038.05,370.0,5844.013333333333,4660.079478789319,4.968854166429006,4.977176198868702,True
1003041823,2023-09-01,3997.0,69.0,893.3333333333334,102.34419052068041,4.474253731343284,30.325772775930226,True
1003042318,2023-03-01,1004.82,12.0,471.26,79.94549268095102,2.132198786232653,6.674047305322741,True
1003042656,2020-05-01,62355.32,561.0,42981.675,2174.2331439958307,1.4507419731781044,8.910564652875674,True
1003042656,2022-08-01,58893.26,472.0,44931.256666666675,3126.545531962277,1.310741438569453,4.46563249778439,True
1003042698,2023-02-01,2281.95,57.0,0.0,0.0,2281.95,2281.95,True
1003043043,2023-12-01,15498.04,156.0,1803.4000000000003,246.8612103996916,8.593789508705777,55.47505814229415,True
1003043514,2019-01-01,6130.0,35.0,1910.3333333333333,662.0946558712974,3.2088640725876814,6.37320756065265,True
1003043514,2019-07-01,9065.33,35.0,2742.56,1476.6756112294938,3.3054263170176768,4.281759617290357,True
1003043514,2022-03-01,3511.8,17.0,977.6666666666666,312.99254517213024,3.592021820661439,8.096465466740389,True
1003043514,2023-05-01,1100.0,25.0,410.6666666666667,146.44225255480364,2.6785714285714284,4.707202472697293,True
1003044082,2023-05-01,491.4,18.0,311.65,34.436100243784836,1.5767688111663727,5.219812891921233,True
1003044256,2023-01-01,4370.28,59.0,1432.0466666666669,482.72499431180626,3.0517720558454795,6.0867644475758,True
1003044397,2019-01-01,1815.77,38.0,522.1366666666667,53.9942259258648,3.4775761135334937,23.958734682288416,True
1003044629,2019-04-01,42942.75,85.0,38037.33,882.8086741757805,1.1289633105162744,5.556606027438347,True
1003044629,2020-02-01,67162.34,116.0,40328.39,2292.4876415806434,1.665386096494306,11.705166698956903,True
1003044876,2018-11-01,5355.63,34.0,2041.2533333333333,267.9559020311613,2.6236968790416344,12.369112385817981,True
1003044876,2021-06-01,12537.97,104.0,2660.976666666667,1464.6426207554368,4.71179253732652,6.743620043119429,True
1003044876,2022-04-01,18442.58,249.0,4544.709999999999,3173.352185875372,4.058032305691674,4.379554863736709,True
1003044876,2022-12-01,8606.31,102.0,2791.223333333332,1260.45160309047,3.0833469673392924,4.613494601783045,True
1003044876,2023-03-01,65627.14,678.0,9174.156666666664,1489.445676764797,7.153479320715039,37.90200892452421,True
1003045113,2018-05-01,2999.72,163.0,434.0133333333333,372.7419646797679,6.91158489754539,6.8833319287537975,True
1003045113,2019-03-01,2500.69,319.0,3.14,5.266383958573838,796.3980891719746,474.2438112462177,True
1003045113,2019-07-01,1064.67,63.0,0.03666666666666667,0.032145486643594776,1064.67,1064.6333333333334,True
1003045113,2020-04-01,1380.1499999999999,69.0,0.023333333333333334,0.020816635033224465,1380.1499999999999,1380.1266666666666,True
1003045113,2020-10-01,283.5,21.0,0.013333333333333334,0.023093992015671014,283.5,283.4866666666667,True
1003045113,2021-03-01,639.4,27.0,10.62,18.238563539904753,60.207156308851225,34.475302762976455,True
